frame_idx,elapsed_s,dropped
0,0.003,0
1,0.023,0
2,0.041,0
3,0.057,0
4,0.074,0
5,0.090,0
6,0.110,0
7,0.134,0
8,0.152,0
9,0.170,0
10,0.187,0
11,0.205,0
12,0.220,0
13,0.238,0
14,0.254,0
15,0.271,0
16,0.287,0
17,0.303,0
18,0.320,0
19,0.337,0
20,0.355,0
21,0.371,0
22,0.388,0
23,0.404,0
24,0.421,0
25,0.437,0
26,0.456,0
27,0.471,0
28,0.485,0
29,0.499,0
30,0.516,0
31,0.531,0
32,0.549,0
33,0.565,0
34,0.581,0
35,0.597,0
36,0.616,0
37,0.632,0
38,0.648,0
39,0.663,0
40,0.679,0
41,0.696,0
42,0.713,0
43,0.729,0
44,0.746,0
45,0.764,0
46,0.781,0
47,0.797,0
48,0.821,0
49,0.839,0
50,0.856,0
51,0.871,0
52,0.887,0
53,0.904,0
54,0.921,0
55,0.938,0
56,0.953,0
57,0.969,0
58,0.986,0
59,1.002,0
60,1.019,0
61,1.035,0
62,1.051,0
63,1.068,0
64,1.084,0
65,1.100,0
66,1.117,0
67,1.135,0
68,1.153,0
69,1.171,0
70,1.188,0
71,1.204,0
72,1.221,0
73,1.237,0
74,1.254,0
75,1.269,0
76,1.284,0
77,1.300,0
78,1.317,0
79,1.334,0
80,1.350,0
81,1.365,0
82,1.381,0
83,1.396,0
84,1.411,0
85,1.427,0
86,1.441,0
87,1.457,0
88,1.472,0
89,1.486,0
90,1.501,0
91,1.518,0
92,1.533,0
93,1.547,0
94,1.562,0
95,1.576,0
96,1.592,0
97,1.608,0
98,1.623,0
99,1.638,0
100,1.653,0
101,1.667,0
102,1.682,0
103,1.697,0
104,1.712,0
105,1.726,0
106,1.740,0
107,1.755,0
108,1.771,0
109,1.785,0
110,1.801,0
111,1.817,0
112,1.836,0
113,1.853,0
114,1.869,0
115,1.885,0
116,1.900,0
117,1.917,0
118,1.932,0
119,1.946,0
120,1.962,0
121,1.979,0
122,1.997,0
123,2.013,0
124,2.028,0
125,2.045,0
126,2.060,0
127,2.077,0
128,2.093,0
129,2.110,0
130,2.126,0
131,2.141,0
132,2.158,0
133,2.174,0
134,2.191,0
135,2.207,0
136,2.224,0
137,2.242,0
138,2.259,0
139,2.274,0
140,2.290,0
141,2.306,0
142,2.323,0
143,2.342,0
144,2.363,0
145,2.381,0
146,2.400,0
147,2.419,0
148,2.435,0
149,2.450,0
150,2.465,0
151,2.482,0
152,2.499,0
153,2.515,0
154,2.532,0
155,2.547,0
156,2.563,0
157,2.578,0
158,2.594,0
159,2.610,0
160,2.627,0
161,2.642,0
162,2.658,0
163,2.674,0
164,2.690,0
165,2.706,0
166,2.724,0
167,2.739,0
168,2.755,0
169,2.770,0
170,2.786,0
171,2.802,0
172,2.820,0
173,2.837,0
174,2.851,0
175,2.867,0
176,2.882,0
177,2.898,0
178,2.914,0
179,2.930,0
180,2.947,0
181,2.964,0
182,2.981,0
183,2.999,0
184,3.015,0
185,3.031,0
186,3.049,0
187,3.064,0
188,3.080,0
189,3.097,0
190,3.112,0
191,3.128,0
192,3.145,0
193,3.161,0
194,3.178,0
195,3.192,0
196,3.210,0
197,3.226,0
198,3.242,0
199,3.262,0
200,3.282,0
201,3.300,0
202,3.316,0
203,3.333,0
204,3.348,0
205,3.364,0
206,3.380,0
207,3.395,0
208,3.411,0
209,3.429,0
210,3.446,0
211,3.459,0
212,3.475,0
213,3.489,0
214,3.506,0
215,3.522,0
216,3.537,0
217,3.554,0
218,3.569,0
219,3.583,0
220,3.600,0
221,3.615,0
222,3.631,0
223,3.647,0
224,3.663,0
225,3.677,0
226,3.692,0
227,3.707,0
228,3.725,0
229,3.740,0
230,3.755,0
231,3.770,0
232,3.785,0
233,3.801,0
234,3.817,0
235,3.832,0
236,3.847,0
237,3.865,0
238,3.880,0
239,3.896,0
240,3.913,0
241,3.929,0
242,3.945,0
243,3.960,0
244,3.976,0
245,3.993,0
246,4.013,0
247,4.027,0
248,4.043,0
249,4.059,0
250,4.075,0
251,4.092,0
252,4.111,0
253,4.126,0
254,4.144,0
255,4.162,0
256,4.181,0
257,4.196,0
258,4.213,0
259,4.230,0
260,4.248,0
261,4.265,0
262,4.282,0
263,4.297,0
264,4.314,0
265,4.330,0
266,4.346,0
267,4.363,0
268,4.379,0
269,4.395,0
270,4.412,0
271,4.429,0
272,4.444,0
273,4.457,0
274,4.474,0
275,4.489,0
276,4.505,0
277,4.521,0
278,4.537,0
279,4.553,0
280,4.569,0
281,4.585,0
282,4.601,0
283,4.617,0
284,4.634,0
285,4.649,0
286,4.665,0
287,4.680,0
288,4.695,0
289,4.712,0
290,4.728,0
291,4.744,0
292,4.759,0
293,4.776,0
294,4.791,0
295,4.807,0
296,4.823,0
297,4.837,0
298,4.852,0
299,4.869,0
300,4.884,0
301,4.903,0
302,4.919,0
303,4.936,0
304,4.953,0
305,4.971,0
306,4.987,0
307,5.005,0
308,5.020,0
309,5.037,0
310,5.054,0
311,5.069,0
312,5.087,0
313,5.106,0
314,5.128,0
315,5.146,0
316,5.162,0
317,5.177,0
318,5.196,0
319,5.213,0
320,5.230,0
321,5.247,0
322,5.263,0
323,5.277,0
324,5.294,0
325,5.309,0
326,5.326,0
327,5.342,0
328,5.358,0
329,5.375,0
330,5.390,0
331,5.408,0
332,5.425,0
333,5.443,0
334,5.460,0
335,5.475,0
336,5.490,0
337,5.506,0
338,5.524,0
339,5.539,0
340,5.553,0
341,5.569,0
342,5.586,0
343,5.604,0
344,5.621,0
345,5.638,0
346,5.653,0
347,5.669,0
348,5.685,0
349,5.703,0
350,5.719,0
351,5.735,0
352,5.750,0
353,5.765,0
354,5.781,0
355,5.797,0
356,5.815,0
357,5.831,0
358,5.849,0
359,5.864,0
360,5.879,0
361,5.896,0
362,5.912,0
363,5.929,0
364,5.946,0
365,5.962,0
366,5.979,0
367,5.996,0
368,6.015,0
369,6.032,0
370,6.047,0
371,6.063,0
372,6.080,0
373,6.096,0
374,6.113,0
375,6.129,0
376,6.148,0
377,6.164,0
378,6.180,0
379,6.196,0
380,6.212,0
381,6.229,0
382,6.244,0
383,6.259,0
384,6.275,0
385,6.290,0
386,6.309,0
387,6.326,0
388,6.342,0
389,6.357,0
390,6.374,0
391,6.389,0
392,6.406,0
393,6.423,0
394,6.438,0
395,6.455,0
396,6.472,0
397,6.488,0
398,6.504,0
399,6.522,0
400,6.537,0
401,6.553,0
402,6.568,0
403,6.584,0
404,6.601,0
405,6.616,0
406,6.633,0
407,6.647,0
408,6.663,0
409,6.678,0
410,6.695,0
411,6.713,0
412,6.729,0
413,6.745,0
414,6.760,0
415,6.776,0
416,6.792,0
417,6.808,0
418,6.825,0
419,6.840,0
420,6.857,0
421,6.873,0
422,6.888,0
423,6.903,0
424,6.920,0
425,6.938,0
426,6.955,0
427,6.971,0
428,6.986,0
429,7.004,0
430,7.020,0
431,7.036,0
432,7.051,0
433,7.069,0
434,7.085,0
435,7.101,0
436,7.119,0
437,7.135,0
438,7.151,0
439,7.168,0
440,7.184,0
441,7.202,0
442,7.219,0
443,7.235,0
444,7.252,0
445,7.267,0
446,7.283,0
447,7.299,0
448,7.317,0
449,7.334,0
450,7.351,0
451,7.366,0
452,7.383,0
453,7.400,0
454,7.419,0
455,7.435,0
456,7.450,0
457,7.466,0
458,7.482,0
459,7.499,0
460,7.516,0
461,7.532,0
462,7.547,0
463,7.565,0
464,7.583,0
465,7.601,0
466,7.618,0
467,7.635,0
468,7.651,0
469,7.667,0
470,7.681,0
471,7.697,0
472,7.713,0
473,7.730,0
474,7.747,0
475,7.764,0
476,7.780,0
477,7.798,0
478,7.814,0
479,7.830,0
480,7.847,0
481,7.863,0
482,7.878,0
483,7.895,0
484,7.912,0
485,7.928,0
486,7.943,0
487,7.959,0
488,7.976,0
489,7.994,0
490,8.011,0
491,8.027,0
492,8.044,0
493,8.061,0
494,8.076,0
495,8.093,0
496,8.109,0
497,8.126,0
498,8.144,0
499,8.161,0
500,8.178,0
501,8.195,0
502,8.212,0
503,8.229,0
504,8.244,0
505,8.260,0
506,8.276,0
507,8.293,0
508,8.311,0
509,8.328,0
510,8.344,0
511,8.360,0
512,8.376,0
513,8.393,0
514,8.410,0
515,8.427,0
516,8.443,0
517,8.458,0
518,8.474,0
519,8.490,0
520,8.508,0
521,8.525,0
522,8.541,0
523,8.557,0
524,8.575,0
525,8.592,0
526,8.609,0
527,8.627,0
528,8.645,0
529,8.660,0
530,8.676,0
531,8.693,0
532,8.708,0
533,8.726,0
534,8.743,0
535,8.760,0
536,8.776,0
537,8.792,0
538,8.810,0
539,8.826,0
540,8.844,0
541,8.860,0
542,8.876,0
543,8.892,0
544,8.910,0
545,8.927,0
546,8.944,0
547,8.960,0
548,8.975,0
549,8.993,0
550,9.010,0
551,9.027,0
552,9.045,0
553,9.061,0
554,9.078,0
555,9.094,0
556,9.112,0
557,9.131,0
558,9.148,0
559,9.169,0
560,9.185,0
561,9.204,0
562,9.219,0
563,9.236,0
564,9.252,0
565,9.268,0
566,9.285,0
567,9.302,0
568,9.318,0
569,9.334,0
570,9.351,0
571,9.366,0
572,9.382,0
573,9.398,0
574,9.415,0
575,9.432,0
576,9.447,0
577,9.463,0
578,9.477,0
579,9.493,0
580,9.511,0
581,9.527,0
582,9.542,0
583,9.559,0
584,9.574,0
585,9.590,0
586,9.607,0
587,9.622,0
588,9.639,0
589,9.655,0
590,9.672,0
591,9.690,0
592,9.709,0
593,9.725,0
594,9.740,0
595,9.755,0
596,9.772,0
597,9.788,0
598,9.804,0
599,9.821,0
600,9.838,0
601,9.855,0
602,9.871,0
603,9.886,0
604,9.904,0
605,9.919,0
606,9.937,0
607,9.951,0
608,9.967,0
609,9.983,0
610,9.999,0
611,10.016,0
612,10.033,0
613,10.048,0
614,10.065,0
615,10.080,0
616,10.097,0
617,10.124,0
618,10.142,0
619,10.161,0
620,10.178,0
621,10.195,0
622,10.213,0
623,10.228,0
624,10.244,0
625,10.260,0
626,10.277,0
627,10.293,0
628,10.311,0
629,10.328,0
630,10.344,0
631,10.360,0
632,10.377,0
633,10.393,0
634,10.409,0
635,10.424,0
636,10.440,0
637,10.456,0
638,10.473,0
639,10.491,0
640,10.509,0
641,10.524,0
642,10.540,0
643,10.556,0
644,10.572,0
645,10.587,0
646,10.605,0
647,10.620,0
648,10.635,0
649,10.651,0
650,10.666,0
651,10.681,0
652,10.700,0
653,10.715,0
654,10.730,0
655,10.745,0
656,10.764,0
657,10.780,0
658,10.798,0
659,10.815,0
660,10.830,0
661,10.846,0
662,10.861,0
663,10.877,0
664,10.893,0
665,10.909,0
666,10.924,0
667,10.942,0
668,10.957,0
669,10.975,0
670,10.992,0
671,11.007,0
672,11.024,0
673,11.040,0
674,11.057,0
675,11.074,0
676,11.090,0
677,11.105,0
678,11.121,0
679,11.139,0
680,11.156,0
681,11.173,0
682,11.190,0
683,11.206,0
684,11.220,0
685,11.235,0
686,11.252,0
687,11.268,0
688,11.284,0
689,11.302,0
690,11.319,0
691,11.335,0
692,11.351,0
693,11.366,0
694,11.382,0
695,11.397,0
696,11.414,0
697,11.431,0
698,11.447,0
699,11.464,0
700,11.479,0
701,11.497,0
702,11.515,0
703,11.531,0
704,11.547,0
705,11.562,0
706,11.578,0
707,11.594,0
708,11.609,0
709,11.625,0
710,11.642,0
711,11.658,0
712,11.674,0
713,11.691,0
714,11.707,0
715,11.723,0
716,11.738,0
717,11.754,0
718,11.771,0
719,11.788,0
720,11.805,0
721,11.822,0
722,11.838,0
723,11.854,0
724,11.871,0
725,11.888,0
726,11.904,0
727,11.921,0
728,11.937,0
729,11.952,0
730,11.968,0
731,11.985,0
732,12.000,0
733,12.015,0
734,12.033,0
735,12.048,0
736,12.063,0
737,12.078,0
738,12.094,0
739,12.111,0
740,12.129,0
741,12.146,0
742,12.165,0
743,12.182,0
744,12.199,0
745,12.215,0
746,12.229,0
747,12.244,0
748,12.260,0
749,12.276,0
750,12.292,0
751,12.309,0
752,12.324,0
753,12.340,0
754,12.355,0
755,12.371,0
756,12.386,0
757,12.402,0
758,12.420,0
759,12.438,0
760,12.454,0
761,12.471,0
762,12.486,0
763,12.502,0
764,12.518,0
765,12.535,0
766,12.552,0
767,12.569,0
768,12.583,0
769,12.601,0
770,12.618,0
771,12.634,0
772,12.649,0
773,12.665,0
774,12.679,0
775,12.694,0
776,12.711,0
777,12.727,0
778,12.743,0
779,12.759,0
780,12.774,0
781,12.791,0
782,12.808,0
783,12.826,0
784,12.842,0
785,12.858,0
786,12.875,0
787,12.892,0
788,12.908,0
789,12.924,0
790,12.941,0
791,12.956,0
792,12.971,0
793,12.990,0
794,13.008,0
795,13.024,0
796,13.042,0
797,13.058,0
798,13.074,0
799,13.091,0
800,13.110,0
801,13.127,0
802,13.145,0
803,13.162,0
804,13.180,0
805,13.197,0
806,13.214,0
807,13.230,0
808,13.246,0
809,13.260,0
810,13.275,0
811,13.291,0
812,13.308,0
813,13.324,0
814,13.339,0
815,13.355,0
816,13.369,0
817,13.383,0
818,13.400,0
819,13.415,0
820,13.428,0
821,13.445,0
822,13.461,0
823,13.476,0
824,13.494,0
825,13.528,0
826,13.544,0
827,13.561,0
828,13.575,0
829,13.592,0
830,13.609,0
831,13.625,0
832,13.641,0
833,13.656,0
834,13.671,0
835,13.688,0
836,13.705,0
837,13.721,0
838,13.736,0
839,13.749,0
840,13.763,0
841,13.779,0
842,13.796,0
843,13.812,0
844,13.826,0
845,13.841,0
846,13.856,0
847,13.871,0
848,13.885,0
849,13.901,0
850,13.916,0
851,13.931,0
852,13.947,0
853,13.962,0
854,13.978,0
855,13.993,0
856,14.009,0
857,14.026,0
858,14.045,0
859,14.061,0
860,14.078,0
861,14.096,0
862,14.113,0
863,14.130,0
864,14.147,0
865,14.164,0
866,14.181,0
867,14.200,0
868,14.217,0
869,14.233,0
870,14.248,0
871,14.263,0
872,14.277,0
873,14.293,0
874,14.310,0
875,14.327,0
876,14.343,0
877,14.358,0
878,14.374,0
879,14.391,0
880,14.409,0
881,14.424,0
882,14.438,0
883,14.454,0
884,14.469,0
885,14.485,0
886,14.503,0
887,14.520,0
888,14.535,0
889,14.550,0
890,14.565,0
891,14.581,0
892,14.597,0
893,14.612,0
894,14.626,0
895,14.642,0
896,14.658,0
897,14.673,0
898,14.689,0
899,14.705,0
900,14.721,0
901,14.737,0
902,14.754,0
903,14.771,0
904,14.788,0
905,14.804,0
906,14.821,0
907,14.836,0
908,14.853,0
909,14.870,0
910,14.885,0
911,14.900,0
912,14.917,0
913,14.933,0
914,14.949,0
915,14.968,0
916,14.985,0
917,15.001,0
918,15.018,0
919,15.035,0
920,15.051,0
921,15.067,0
922,15.084,0
923,15.102,0
924,15.118,0
925,15.135,0
926,15.151,0
927,15.168,0
928,15.186,0
929,15.201,0
930,15.216,0
931,15.232,0
932,15.246,0
933,15.263,0
934,15.282,0
935,15.304,0
936,15.324,0
937,15.339,0
938,15.356,0
939,15.373,0
940,15.394,0
941,15.413,0
942,15.429,0
943,15.444,0
944,15.460,0
945,15.475,0
946,15.493,0
947,15.513,0
948,15.529,0
949,15.545,0
950,15.563,0
951,15.579,0
952,15.595,0
953,15.611,0
954,15.628,0
955,15.643,0
956,15.659,0
957,15.675,0
958,15.690,0
959,15.706,0
960,15.722,0
961,15.738,0
962,15.755,0
963,15.770,0
964,15.787,0
965,15.802,0
966,15.819,0
967,15.833,0
968,15.849,0
969,15.862,0
970,15.877,0
971,15.893,0
972,15.909,0
973,15.925,0
974,15.942,0
975,15.957,0
976,15.972,0
977,15.989,0
978,16.006,0
979,16.023,0
980,16.039,0
981,16.055,0
982,16.072,0
983,16.089,0
984,16.105,0
985,16.122,0
986,16.137,0
987,16.155,0
988,16.170,0
989,16.185,0
990,16.202,0
991,16.219,0
992,16.235,0
993,16.250,0
994,16.268,0
995,16.285,0
996,16.302,0
997,16.317,0
998,16.331,0
999,16.346,0
1000,16.359,0
1001,16.376,0
1002,16.393,0
1003,16.409,0
1004,16.425,0
1005,16.441,0
1006,16.456,0
1007,16.471,0
1008,16.487,0
1009,16.503,0
1010,16.517,0
1011,16.532,0
1012,16.547,0
1013,16.563,0
1014,16.577,0
1015,16.593,0
1016,16.609,0
1017,16.625,0
1018,16.640,0
1019,16.656,0
1020,16.673,0
1021,16.689,0
1022,16.705,0
1023,16.722,0
1024,16.738,0
1025,16.755,0
1026,16.772,0
1027,16.788,0
1028,16.805,0
1029,16.820,0
1030,16.836,0
1031,16.851,0
1032,16.867,0
1033,16.883,0
1034,16.899,0
1035,16.914,0
1036,16.929,0
1037,16.944,0
1038,16.961,0
1039,16.978,0
1040,16.996,0
1041,17.012,0
1042,17.028,0
1043,17.043,0
1044,17.059,0
1045,17.075,0
1046,17.093,0
1047,17.108,0
1048,17.125,0
1049,17.141,0
1050,17.156,0
1051,17.171,0
1052,17.186,0
1053,17.203,0
1054,17.219,0
1055,17.235,0
1056,17.250,0
1057,17.266,0
1058,17.282,0
1059,17.298,0
1060,17.313,0
1061,17.327,0
1062,17.344,0
1063,17.359,0
1064,17.373,0
1065,17.389,0
1066,17.405,0
1067,17.420,0
1068,17.436,0
1069,17.452,0
1070,17.469,0
1071,17.486,0
1072,17.501,0
1073,17.517,0
1074,17.533,0
1075,17.547,0
1076,17.564,0
1077,17.578,0
1078,17.594,0
1079,17.609,0
1080,17.625,0
1081,17.641,0
1082,17.657,0
1083,17.672,0
1084,17.688,0
1085,17.704,0
1086,17.720,0
1087,17.736,0
1088,17.753,0
1089,17.769,0
1090,17.785,0
1091,17.803,0
1092,17.819,0
1093,17.835,0
1094,17.852,0
1095,17.868,0
1096,17.884,0
1097,17.900,0
1098,17.916,0
1099,17.933,0
1100,17.949,0
1101,17.965,0
1102,17.982,0
1103,18.000,0
1104,18.016,0
1105,18.033,0
1106,18.050,0
1107,18.067,0
1108,18.084,0
1109,18.102,0
1110,18.118,0
1111,18.135,0
1112,18.152,0
1113,18.171,0
1114,18.188,0
1115,18.204,0
1116,18.221,0
1117,18.235,0
1118,18.250,0
1119,18.267,0
1120,18.282,0
1121,18.298,0
1122,18.314,0
1123,18.330,0
1124,18.346,0
1125,18.362,0
1126,18.379,0
1127,18.396,0
1128,18.413,0
1129,18.428,0
1130,18.442,0
1131,18.457,0
1132,18.471,0
1133,18.487,0
1134,18.504,0
1135,18.520,0
1136,18.534,0
1137,18.550,0
1138,18.566,0
1139,18.580,0
1140,18.597,0
1141,18.613,0
1142,18.628,0
1143,18.643,0
1144,18.659,0
1145,18.675,0
1146,18.690,0
1147,18.708,0
1148,18.722,0
1149,18.738,0
1150,18.754,0
1151,18.769,0
1152,18.783,0
1153,18.800,0
1154,18.817,0
1155,18.832,0
1156,18.847,0
1157,18.864,0
1158,18.878,0
1159,18.895,0
1160,18.911,0
1161,18.928,0
1162,18.944,0
1163,18.960,0
1164,18.977,0
1165,18.993,0
1166,19.009,0
1167,19.025,0
1168,19.041,0
1169,19.058,0
1170,19.075,0
1171,19.091,0
1172,19.107,0
1173,19.122,0
1174,19.139,0
1175,19.157,0
1176,19.173,0
1177,19.191,0
1178,19.206,0
1179,19.222,0
1180,19.237,0
1181,19.253,0
1182,19.268,0
1183,19.283,0
1184,19.299,0
1185,19.316,0
1186,19.331,0
1187,19.346,0
1188,19.361,0
1189,19.376,0
1190,19.391,0
1191,19.407,0
1192,19.423,0
1193,19.438,0
1194,19.454,0
1195,19.469,0
1196,19.485,0
1197,19.503,0
1198,19.520,0
1199,19.535,0
1200,19.551,0
1201,19.566,0
1202,19.583,0
1203,19.600,0
1204,19.616,0
1205,19.631,0
1206,19.649,0
1207,19.665,0
1208,19.681,0
1209,19.698,0
1210,19.714,0
1211,19.730,0
1212,19.745,0
1213,19.762,0
1214,19.777,0
1215,19.794,0
1216,19.811,0
1217,19.825,0
1218,19.839,0
1219,19.854,0
1220,19.869,0
1221,19.885,0
1222,19.901,0
1223,19.919,0
1224,19.935,0
1225,19.952,0
1226,19.967,0
1227,19.984,0
1228,19.999,0
1229,20.016,0
1230,20.032,0
1231,20.048,0
1232,20.065,0
1233,20.081,0
1234,20.096,0
1235,20.113,0
1236,20.131,0
1237,20.147,0
1238,20.163,0
1239,20.180,0
1240,20.196,0
1241,20.212,0
1242,20.227,0
1243,20.243,0
1244,20.258,0
1245,20.273,0
1246,20.290,0
1247,20.306,0
1248,20.321,0
1249,20.338,0
1250,20.354,0
1251,20.369,0
1252,20.384,0
1253,20.400,0
1254,20.416,0
1255,20.433,0
1256,20.450,0
1257,20.465,0
1258,20.482,0
1259,20.498,0
1260,20.514,0
1261,20.530,0
1262,20.546,0
1263,20.560,0
1264,20.575,0
1265,20.593,0
1266,20.608,0
1267,20.624,0
1268,20.639,0
1269,20.655,0
1270,20.670,0
1271,20.685,0
1272,20.704,0
1273,20.718,0
1274,20.734,0
1275,20.749,0
1276,20.765,0
1277,20.781,0
1278,20.795,0
1279,20.811,0
1280,20.827,0
1281,20.843,0
1282,20.859,0
1283,20.873,0
1284,20.889,0
1285,20.905,0
1286,20.921,0
1287,20.938,0
1288,20.956,0
1289,20.972,0
1290,20.988,0
1291,21.005,0
1292,21.022,0
1293,21.039,0
1294,21.056,0
1295,21.072,0
1296,21.089,0
1297,21.105,0
1298,21.122,0
1299,21.140,0
1300,21.157,0
1301,21.173,0
1302,21.188,0
1303,21.207,0
1304,21.225,0
1305,21.240,0
1306,21.255,0
1307,21.271,0
1308,21.286,0
1309,21.302,0
1310,21.317,0
1311,21.334,0
1312,21.349,0
1313,21.364,0
1314,21.381,0
1315,21.397,0
1316,21.414,0
1317,21.430,0
1318,21.445,0
1319,21.460,0
1320,21.475,0
1321,21.491,0
1322,21.508,0
1323,21.524,0
1324,21.540,0
1325,21.555,0
1326,21.571,0
1327,21.588,0
1328,21.603,0
1329,21.619,0
1330,21.634,0
1331,21.650,0
1332,21.665,0
1333,21.681,0
1334,21.698,0
1335,21.713,0
1336,21.729,0
1337,21.744,0
1338,21.758,0
1339,21.773,0
1340,21.789,0
1341,21.806,0
1342,21.822,0
1343,21.838,0
1344,21.853,0
1345,21.869,0
1346,21.885,0
1347,21.901,0
1348,21.917,0
1349,21.932,0
1350,21.948,0
1351,21.964,0
1352,21.980,0
1353,21.998,0
1354,22.015,0
1355,22.030,0
1356,22.047,0
1357,22.064,0
1358,22.079,0
1359,22.096,0
1360,22.113,0
1361,22.130,0
1362,22.147,0
1363,22.164,0
1364,22.181,0
1365,22.197,0
1366,22.213,0
1367,22.227,0
1368,22.245,0
1369,22.260,0
1370,22.275,0
1371,22.292,0
1372,22.307,0
1373,22.324,0
1374,22.340,0
1375,22.357,0
1376,22.372,0
1377,22.388,0
1378,22.405,0
1379,22.422,0
1380,22.438,0
1381,22.454,0
1382,22.471,0
1383,22.487,0
1384,22.504,0
1385,22.520,0
1386,22.536,0
1387,22.552,0
1388,22.567,0
1389,22.583,0
1390,22.599,0
1391,22.616,0
1392,22.632,0
1393,22.648,0
1394,22.664,0
1395,22.681,0
1396,22.695,0
1397,22.712,0
1398,22.728,0
1399,22.744,0
1400,22.760,0
1401,22.776,0
1402,22.794,0
1403,22.812,0
1404,22.828,0
1405,22.845,0
1406,22.860,0
1407,22.876,0
1408,22.894,0
1409,22.912,0
1410,22.928,0
1411,22.944,0
1412,22.962,0
1413,22.979,0
1414,22.996,0
1415,23.013,0
1416,23.028,0
1417,23.044,0
1418,23.061,0
1419,23.075,0
1420,23.091,0
1421,23.110,0
1422,23.127,0
1423,23.144,0
1424,23.160,0
1425,23.177,0
1426,23.194,0
1427,23.210,0
1428,23.225,0
1429,23.241,0
1430,23.257,0
1431,23.273,0
1432,23.289,0
1433,23.307,0
1434,23.324,0
1435,23.340,0
1436,23.355,0
1437,23.370,0
1438,23.386,0
1439,23.402,0
1440,23.417,0
1441,23.434,0
1442,23.450,0
1443,23.465,0
1444,23.482,0
1445,23.497,0
1446,23.513,0
1447,23.528,0
1448,23.545,0
1449,23.561,0
1450,23.576,0
1451,23.591,0
1452,23.608,0
1453,23.623,0
1454,23.638,0
1455,23.653,0
1456,23.668,0
1457,23.684,0
1458,23.700,0
1459,23.715,0
1460,23.731,0
1461,23.747,0
1462,23.761,0
1463,23.777,0
1464,23.794,0
1465,23.810,0
1466,23.826,0
1467,23.842,0
1468,23.858,0
1469,23.871,0
1470,23.888,0
1471,23.905,0
1472,23.922,0
1473,23.938,0
1474,23.952,0
1475,23.967,0
1476,23.986,0
1477,24.002,0
1478,24.018,0
1479,24.035,0
1480,24.052,0
1481,24.068,0
1482,24.085,0
1483,24.102,0
1484,24.118,0
1485,24.135,0
1486,24.152,0
1487,24.168,0
1488,24.186,0
1489,24.201,0
1490,24.218,0
1491,24.234,0
1492,24.250,0
1493,24.266,0
1494,24.281,0
1495,24.296,0
1496,24.313,0
1497,24.329,0
1498,24.345,0
1499,24.361,0
1500,24.378,0
1501,24.394,0
1502,24.411,0
1503,24.427,0
1504,24.443,0
1505,24.458,0
1506,24.473,0
1507,24.489,0
1508,24.505,0
1509,24.521,0
1510,24.536,0
1511,24.553,0
1512,24.569,0
1513,24.585,0
1514,24.602,0
1515,24.621,0
1516,24.636,0
1517,24.652,0
1518,24.667,0
1519,24.684,0
1520,24.701,0
1521,24.716,0
1522,24.732,0
1523,24.746,0
1524,24.763,0
1525,24.780,0
1526,24.796,0
1527,24.812,0
1528,24.828,0
1529,24.844,0
1530,24.860,0
1531,24.874,0
1532,24.890,0
1533,24.906,0
1534,24.923,0
1535,24.937,0
1536,24.953,0
1537,24.970,0
1538,24.990,0
1539,25.007,0
1540,25.024,0
1541,25.041,0
1542,25.059,0
1543,25.074,0
1544,25.091,0
1545,25.106,0
1546,25.123,0
1547,25.142,0
1548,25.160,0
1549,25.176,0
1550,25.191,0
1551,25.208,0
1552,25.224,0
1553,25.241,0
1554,25.258,0
1555,25.275,0
1556,25.293,0
1557,25.309,0
1558,25.324,0
1559,25.339,0
1560,25.354,0
1561,25.369,0
1562,25.384,0
1563,25.401,0
1564,25.417,0
1565,25.433,0
1566,25.449,0
1567,25.465,0
1568,25.482,0
1569,25.499,0
1570,25.515,0
1571,25.534,0
1572,25.550,0
1573,25.567,0
1574,25.582,0
1575,25.598,0
1576,25.614,0
1577,25.630,0
1578,25.645,0
1579,25.661,0
1580,25.678,0
1581,25.694,0
1582,25.710,0
1583,25.726,0
1584,25.744,0
1585,25.762,0
1586,25.779,0
1587,25.795,0
1588,25.811,0
1589,25.827,0
1590,25.841,0
1591,25.856,0
1592,25.872,0
1593,25.887,0
1594,25.903,0
1595,25.919,0
1596,25.935,0
1597,25.951,0
1598,25.968,0
1599,25.984,0
1600,26.008,0
1601,26.027,0
1602,26.042,0
1603,26.058,0
1604,26.075,0
1605,26.089,0
1606,26.105,0
1607,26.121,0
1608,26.135,0
1609,26.151,0
1610,26.167,0
1611,26.185,0
1612,26.202,0
1613,26.218,0
1614,26.235,0
1615,26.252,0
1616,26.267,0
1617,26.283,0
1618,26.300,0
1619,26.318,0
1620,26.334,0
1621,26.350,0
1622,26.366,0
1623,26.384,0
1624,26.400,0
1625,26.415,0
1626,26.431,0
1627,26.447,0
1628,26.465,0
1629,26.481,0
1630,26.496,0
1631,26.512,0
1632,26.529,0
1633,26.546,0
1634,26.562,0
1635,26.578,0
1636,26.594,0
1637,26.608,0
1638,26.623,0
1639,26.638,0
1640,26.656,0
1641,26.671,0
1642,26.688,0
1643,26.705,0
1644,26.720,0
1645,26.736,0
1646,26.753,0
1647,26.769,0
1648,26.783,0
1649,26.799,0
1650,26.817,0
1651,26.833,0
1652,26.849,0
1653,26.863,0
1654,26.879,0
1655,26.895,0
1656,26.911,0
1657,26.928,0
1658,26.946,0
1659,26.962,0
1660,26.978,0
1661,26.995,0
1662,27.017,0
1663,27.043,0
1664,27.059,0
1665,27.075,0
1666,27.091,0
1667,27.107,0
1668,27.123,0
1669,27.139,0
1670,27.157,0
1671,27.173,0
1672,27.191,0
1673,27.207,0
1674,27.223,0
1675,27.239,0
1676,27.256,0
1677,27.272,0
1678,27.290,0
1679,27.307,0
1680,27.322,0
1681,27.338,0
1682,27.354,0
1683,27.369,0
1684,27.385,0
1685,27.402,0
1686,27.420,0
1687,27.437,0
1688,27.453,0
1689,27.469,0
1690,27.483,0
1691,27.498,0
1692,27.513,0
1693,27.529,0
1694,27.546,0
1695,27.562,0
1696,27.578,0
1697,27.595,0
1698,27.611,0
1699,27.626,0
1700,27.643,0
1701,27.660,0
1702,27.677,0
1703,27.693,0
1704,27.710,0
1705,27.727,0
1706,27.744,0
1707,27.759,0
1708,27.775,0
1709,27.793,0
1710,27.807,0
1711,27.824,0
1712,27.840,0
1713,27.854,0
1714,27.870,0
1715,27.884,0
1716,27.900,0
1717,27.917,0
1718,27.932,0
1719,27.948,0
1720,27.964,0
1721,27.981,0
1722,27.998,0
1723,28.014,0
1724,28.030,0
1725,28.047,0
1726,28.062,0
1727,28.079,0
1728,28.094,0
1729,28.110,0
1730,28.125,0
1731,28.142,0
1732,28.158,0
1733,28.174,0
1734,28.191,0
1735,28.206,0
1736,28.224,0
1737,28.241,0
1738,28.257,0
1739,28.274,0
1740,28.288,0
1741,28.302,0
1742,28.318,0
1743,28.334,0
1744,28.349,0
1745,28.364,0
1746,28.379,0
1747,28.397,0
1748,28.413,0
1749,28.430,0
1750,28.447,0
1751,28.464,0
1752,28.481,0
1753,28.503,0
1754,28.520,0
1755,28.537,0
1756,28.554,0
1757,28.571,0
1758,28.587,0
1759,28.603,0
1760,28.619,0
1761,28.635,0
1762,28.651,0
1763,28.666,0
1764,28.683,0
1765,28.699,0
1766,28.715,0
1767,28.732,0
1768,28.750,0
1769,28.767,0
1770,28.783,0
1771,28.799,0
1772,28.817,0
1773,28.833,0
1774,28.849,0
1775,28.865,0
1776,28.880,0
1777,28.895,0
1778,28.911,0
1779,28.927,0
1780,28.944,0
1781,28.959,0
1782,28.975,0
1783,28.994,0
1784,29.010,0
1785,29.027,0
1786,29.043,0
1787,29.061,0
1788,29.077,0
1789,29.091,0
1790,29.106,0
1791,29.122,0
1792,29.137,0
1793,29.154,0
1794,29.170,0
1795,29.186,0
1796,29.201,0
1797,29.216,0
1798,29.232,0
1799,29.249,0
1800,29.265,0
1801,29.282,0
1802,29.299,0
1803,29.314,0
1804,29.331,0
1805,29.348,0
1806,29.363,0
1807,29.380,0
1808,29.396,0
1809,29.413,0
1810,29.430,0
1811,29.447,0
1812,29.466,0
1813,29.483,0
1814,29.501,0
1815,29.518,0
1816,29.534,0
1817,29.552,0
1818,29.567,0
1819,29.584,0
1820,29.601,0
1821,29.619,0
1822,29.637,0
1823,29.654,0
1824,29.672,0
1825,29.693,0
1826,29.709,0
1827,29.728,0
1828,29.746,0
1829,29.763,0
1830,29.782,0
1831,29.799,0
1832,29.820,0
1833,29.836,0
1834,29.852,0
1835,29.869,0
1836,29.886,0
1837,29.903,0
1838,29.919,0
1839,29.938,0
1840,29.955,0
1841,29.972,0
1842,29.991,0
1843,30.010,0
1844,30.026,0
1845,30.043,0
1846,30.060,0
1847,30.076,0
1848,30.092,0
1849,30.109,0
1850,30.125,0
1851,30.142,0
1852,30.159,0
1853,30.176,0
1854,30.193,0
1855,30.209,0
1856,30.227,0
1857,30.245,0
1858,30.265,0
1859,30.283,0
1860,30.299,0
1861,30.315,0
1862,30.332,0
1863,30.348,0
1864,30.363,0
1865,30.379,0
1866,30.397,0
1867,30.415,0
1868,30.432,0
1869,30.450,0
1870,30.469,0
1871,30.487,0
1872,30.504,0
1873,30.519,0
1874,30.536,0
1875,30.551,0
1876,30.567,0
1877,30.582,0
1878,30.600,0
1879,30.615,0
1880,30.631,0
1881,30.648,0
1882,30.666,0
1883,30.682,0
1884,30.700,0
1885,30.716,0
1886,30.733,0
1887,30.751,0
1888,30.769,0
1889,30.788,0
1890,30.804,0
1891,30.820,0
1892,30.837,0
1893,30.853,0
1894,30.869,0
1895,30.886,0
1896,30.904,0
1897,30.921,0
1898,30.938,0
1899,30.955,0
1900,30.972,0
1901,30.993,0
1902,31.017,0
1903,31.036,0
1904,31.053,0
1905,31.068,0
1906,31.088,0
1907,31.105,0
1908,31.122,0
1909,31.141,0
1910,31.158,0
1911,31.177,0
1912,31.194,0
1913,31.211,0
1914,31.229,0
1915,31.246,0
1916,31.263,0
1917,31.280,0
1918,31.296,0
1919,31.314,0
1920,31.329,0
1921,31.345,0
1922,31.363,0
1923,31.383,0
1924,31.400,0
1925,31.418,0
1926,31.435,0
1927,31.454,0
1928,31.471,0
1929,31.489,0
1930,31.508,0
1931,31.525,0
1932,31.544,0
1933,31.560,0
1934,31.577,0
1935,31.595,0
1936,31.611,0
1937,31.627,0
1938,31.645,0
1939,31.663,0
1940,31.681,0
1941,31.697,0
1942,31.716,0
1943,31.734,0
1944,31.752,0
1945,31.768,0
1946,31.787,0
1947,31.804,0
1948,31.821,0
1949,31.838,0
1950,31.855,0
1951,31.872,0
1952,31.892,0
1953,31.911,0
1954,31.928,0
1955,31.948,0
1956,31.967,0
1957,31.989,0
1958,32.009,0
1959,32.036,0
1960,32.054,0
1961,32.069,0
1962,32.087,0
1963,32.104,0
1964,32.122,0
1965,32.138,0
1966,32.155,0
1967,32.173,0
1968,32.192,0
1969,32.210,0
1970,32.226,0
1971,32.242,0
1972,32.258,0
1973,32.277,0
1974,32.293,0
1975,32.309,0
1976,32.327,0
1977,32.344,0
1978,32.361,0
1979,32.378,0
1980,32.396,0
1981,32.413,0
1982,32.432,0
1983,32.450,0
1984,32.468,0
1985,32.488,0
1986,32.506,0
1987,32.522,0
1988,32.538,0
1989,32.555,0
1990,32.571,0
1991,32.587,0
1992,32.602,0
1993,32.619,0
1994,32.635,0
1995,32.653,0
1996,32.670,0
1997,32.687,0
1998,32.704,0
1999,32.722,0
2000,32.739,0
2001,32.755,0
2002,32.774,0
2003,32.791,0
2004,32.809,0
2005,32.824,0
2006,32.840,0
2007,32.856,0
2008,32.873,0
2009,32.890,0
2010,32.910,0
2011,32.928,0
2012,32.946,0
2013,32.962,0
2014,32.978,0
2015,32.996,0
2016,33.014,0
2017,33.030,0
2018,33.049,0
2019,33.066,0
2020,33.083,0
2021,33.100,0
2022,33.116,0
2023,33.131,0
2024,33.148,0
2025,33.164,0
2026,33.181,0
2027,33.198,0
2028,33.215,0
2029,33.233,0
2030,33.249,0
2031,33.267,0
2032,33.284,0
2033,33.300,0
2034,33.316,0
2035,33.330,0
2036,33.345,0
2037,33.360,0
2038,33.375,0
2039,33.391,0
2040,33.407,0
2041,33.425,0
2042,33.441,0
2043,33.456,0
2044,33.474,0
2045,33.490,0
2046,33.507,0
2047,33.524,0
2048,33.540,0
2049,33.556,0
2050,33.571,0
2051,33.587,0
2052,33.603,0
2053,33.618,0
2054,33.634,0
2055,33.652,0
2056,33.670,0
2057,33.688,0
2058,33.703,0
2059,33.720,0
2060,33.736,0
2061,33.752,0
2062,33.772,0
2063,33.789,0
2064,33.805,0
2065,33.820,0
2066,33.835,0
2067,33.851,0
2068,33.867,0
2069,33.883,0
2070,33.901,0
2071,33.917,0
2072,33.935,0
2073,33.951,0
2074,33.968,0
2075,33.986,0
2076,34.003,0
2077,34.019,0
2078,34.037,0
2079,34.052,0
2080,34.067,0
2081,34.083,0
2082,34.099,0
2083,34.116,0
2084,34.133,0
2085,34.147,0
2086,34.164,0
2087,34.185,0
2088,34.202,0
2089,34.220,0
2090,34.237,0
2091,34.254,0
2092,34.273,0
2093,34.289,0
2094,34.306,0
2095,34.321,0
2096,34.337,0
2097,34.353,0
2098,34.367,0
2099,34.384,0
2100,34.401,0
2101,34.418,0
2102,34.434,0
2103,34.450,0
2104,34.466,0
2105,34.483,0
2106,34.501,0
2107,34.517,0
2108,34.533,0
2109,34.548,0
2110,34.564,0
2111,34.579,0
2112,34.595,0
2113,34.612,0
2114,34.628,0
2115,34.644,0
2116,34.661,0
2117,34.678,0
2118,34.693,0
2119,34.709,0
2120,34.726,0
2121,34.742,0
2122,34.757,0
2123,34.773,0
2124,34.789,0
2125,34.805,0
2126,34.821,0
2127,34.835,0
2128,34.851,0
2129,34.866,0
2130,34.882,0
2131,34.899,0
2132,34.915,0
2133,34.930,0
2134,34.946,0
2135,34.965,0
2136,34.982,0
2137,34.998,0
2138,35.015,0
2139,35.032,0
2140,35.049,0
2141,35.066,0
2142,35.080,0
2143,35.094,0
2144,35.111,0
2145,35.126,0
2146,35.143,0
2147,35.160,0
2148,35.179,0
2149,35.195,0
2150,35.211,0
2151,35.230,0
2152,35.246,0
2153,35.264,0
2154,35.280,0
2155,35.298,0
2156,35.313,0
2157,35.329,0
2158,35.345,0
2159,35.360,0
2160,35.377,0
2161,35.393,0
2162,35.410,0
2163,35.427,0
2164,35.445,0
2165,35.463,0
2166,35.479,0
2167,35.496,0
2168,35.513,0
2169,35.530,0
2170,35.546,0
2171,35.561,0
2172,35.576,0
2173,35.591,0
2174,35.608,0
2175,35.624,0
2176,35.641,0
2177,35.657,0
2178,35.674,0
2179,35.691,0
2180,35.706,0
2181,35.722,0
2182,35.737,0
2183,35.754,0
2184,35.769,0
2185,35.786,0
2186,35.802,0
2187,35.819,0
2188,35.833,0
2189,35.848,0
2190,35.861,0
2191,35.880,0
2192,35.896,0
2193,35.911,0
2194,35.928,0
2195,35.944,0
2196,35.959,0
2197,35.975,0
2198,35.996,0
2199,36.018,0
2200,36.036,0
2201,36.051,0
2202,36.067,0
2203,36.082,0
2204,36.098,0
2205,36.113,0
2206,36.129,0
2207,36.148,0
2208,36.164,0
2209,36.180,0
2210,36.196,0
2211,36.212,0
2212,36.227,0
2213,36.242,0
2214,36.260,0
2215,36.275,0
2216,36.290,0
2217,36.306,0
2218,36.321,0
2219,36.335,0
2220,36.352,0
2221,36.368,0
2222,36.384,0
2223,36.399,0
2224,36.415,0
2225,36.432,0
2226,36.448,0
2227,36.465,0
2228,36.481,0
2229,36.498,0
2230,36.514,0
2231,36.531,0
2232,36.548,0
2233,36.563,0
2234,36.580,0
2235,36.597,0
2236,36.612,0
2237,36.629,0
2238,36.645,0
2239,36.662,0
2240,36.679,0
2241,36.695,0
2242,36.713,0
2243,36.731,0
2244,36.748,0
2245,36.764,0
2246,36.781,0
2247,36.797,0
2248,36.813,0
2249,36.829,0
2250,36.847,0
2251,36.862,0
2252,36.877,0
2253,36.893,0
2254,36.911,0
2255,36.927,0
2256,36.944,0
2257,36.964,0
2258,36.983,0
2259,37.003,0
2260,37.028,0
2261,37.053,0
2262,37.070,0
2263,37.087,0
2264,37.104,0
2265,37.120,0
2266,37.138,0
2267,37.155,0
2268,37.171,0
2269,37.188,0
2270,37.204,0
2271,37.220,0
2272,37.238,0
2273,37.254,0
2274,37.272,0
2275,37.289,0
2276,37.305,0
2277,37.322,0
2278,37.339,0
2279,37.355,0
2280,37.371,0
2281,37.388,0
2282,37.406,0
2283,37.423,0
2284,37.441,0
2285,37.458,0
2286,37.474,0
2287,37.491,0
2288,37.508,0
2289,37.527,0
2290,37.546,0
2291,37.563,0
2292,37.580,0
2293,37.597,0
2294,37.615,0
2295,37.633,0
2296,37.650,0
2297,37.667,0
2298,37.684,0
2299,37.701,0
2300,37.718,0
2301,37.735,0
2302,37.752,0
2303,37.770,0
2304,37.787,0
2305,37.805,0
2306,37.822,0
2307,37.839,0
2308,37.855,0
2309,37.875,0
2310,37.891,0
2311,37.908,0
2312,37.925,0
2313,37.945,0
2314,37.963,0
2315,37.982,0
2316,38.002,0
2317,38.020,0
2318,38.038,0
2319,38.057,0
2320,38.074,0
2321,38.093,0
2322,38.110,0
2323,38.128,0
2324,38.148,0
2325,38.166,0
2326,38.184,0
2327,38.202,0
2328,38.220,0
2329,38.239,0
2330,38.256,0
2331,38.275,0
2332,38.293,0
2333,38.312,0
2334,38.329,0
2335,38.346,0
2336,38.363,0
2337,38.381,0
2338,38.399,0
2339,38.417,0
2340,38.435,0
2341,38.454,0
2342,38.473,0
2343,38.491,0
2344,38.511,0
2345,38.530,0
2346,38.548,0
2347,38.565,0
2348,38.581,0
2349,38.597,0
2350,38.614,0
2351,38.633,0
2352,38.651,0
2353,38.668,0
2354,38.686,0
2355,38.703,0
2356,38.720,0
2357,38.738,0
2358,38.759,0
2359,38.777,0
2360,38.794,0
2361,38.810,0
2362,38.828,0
2363,38.846,0
2364,38.864,0
2365,38.881,0
2366,38.897,0
2367,38.917,0
2368,38.936,0
2369,38.953,0
2370,38.970,0
2371,38.990,0
2372,39.008,0
2373,39.027,0
2374,39.043,0
2375,39.060,0
2376,39.078,0
2377,39.093,0
2378,39.109,0
2379,39.126,0
2380,39.145,0
2381,39.161,0
2382,39.178,0
2383,39.196,0
2384,39.213,0
2385,39.228,0
2386,39.244,0
2387,39.263,0
2388,39.282,0
2389,39.298,0
2390,39.314,0
2391,39.331,0
2392,39.346,0
2393,39.363,0
2394,39.379,0
2395,39.395,0
2396,39.412,0
2397,39.428,0
2398,39.444,0
2399,39.460,0
2400,39.477,0
2401,39.494,0
2402,39.512,0
2403,39.527,0
2404,39.542,0
2405,39.558,0
2406,39.574,0
2407,39.590,0
2408,39.605,0
2409,39.620,0
2410,39.637,0
2411,39.654,0
2412,39.672,0
2413,39.691,0
2414,39.710,0
2415,39.726,0
2416,39.744,0
2417,39.762,0
2418,39.778,0
2419,39.795,0
2420,39.813,0
2421,39.829,0
2422,39.845,0
2423,39.863,0
2424,39.879,0
2425,39.896,0
2426,39.912,0
2427,39.929,0
2428,39.945,0
2429,39.964,0
2430,39.982,0
2431,39.999,0
2432,40.017,0
2433,40.034,0
2434,40.051,0
2435,40.067,0
2436,40.084,0
2437,40.099,0
2438,40.115,0
2439,40.133,0
2440,40.151,0
2441,40.170,0
2442,40.191,0
2443,40.209,0
2444,40.225,0
2445,40.243,0
2446,40.261,0
2447,40.277,0
2448,40.294,0
2449,40.313,0
2450,40.329,0
2451,40.345,0
2452,40.362,0
2453,40.379,0
2454,40.397,0
2455,40.415,0
2456,40.433,0
2457,40.451,0
2458,40.469,0
2459,40.486,0
2460,40.502,0
2461,40.518,0
2462,40.535,0
2463,40.551,0
2464,40.570,0
2465,40.588,0
2466,40.606,0
2467,40.623,0
2468,40.644,0
2469,40.660,0
2470,40.678,0
2471,40.696,0
2472,40.715,0
2473,40.733,0
2474,40.750,0
2475,40.768,0
2476,40.785,0
2477,40.801,0
2478,40.818,0
2479,40.833,0
2480,40.852,0
2481,40.869,0
2482,40.887,0
2483,40.903,0
2484,40.920,0
2485,40.937,0
2486,40.956,0
2487,40.976,0
2488,40.996,0
2489,41.017,0
2490,41.035,0
2491,41.051,0
2492,41.069,0
2493,41.087,0
2494,41.104,0
2495,41.119,0
2496,41.137,0
2497,41.154,0
2498,41.172,0
2499,41.189,0
2500,41.206,0
2501,41.222,0
2502,41.239,0
2503,41.255,0
2504,41.272,0
2505,41.290,0
2506,41.307,0
2507,41.322,0
2508,41.338,0
2509,41.353,0
2510,41.370,0
2511,41.387,0
2512,41.405,0
2513,41.422,0
2514,41.438,0
2515,41.456,0
2516,41.473,0
2517,41.488,0
2518,41.505,0
2519,41.522,0
2520,41.538,0
2521,41.553,0
2522,41.568,0
2523,41.584,0
2524,41.599,0
2525,41.614,0
2526,41.629,0
2527,41.650,0
2528,41.667,0
2529,41.684,0
2530,41.702,0
2531,41.718,0
2532,41.736,0
2533,41.752,0
2534,41.771,0
2535,41.789,0
2536,41.804,0
2537,41.819,0
2538,41.835,0
2539,41.852,0
2540,41.869,0
2541,41.888,0
2542,41.905,0
2543,41.924,0
2544,41.942,0
2545,41.960,0
2546,41.979,0
2547,41.999,0
2548,42.022,0
2549,42.044,0
2550,42.064,0
2551,42.082,0
2552,42.101,0
2553,42.123,0
2554,42.142,0
2555,42.159,0
2556,42.177,0
2557,42.194,0
2558,42.213,0
2559,42.231,0
2560,42.248,0
2561,42.266,0
2562,42.282,0
2563,42.301,0
2564,42.320,0
2565,42.338,0
2566,42.357,0
2567,42.379,0
2568,42.399,0
2569,42.418,0
2570,42.436,0
2571,42.457,0
2572,42.480,0
2573,42.500,0
2574,42.520,0
2575,42.539,0
2576,42.557,0
2577,42.575,0
2578,42.595,0
2579,42.614,0
2580,42.634,0
2581,42.654,0
2582,42.673,0
2583,42.692,0
2584,42.709,0
2585,42.727,0
2586,42.748,0
2587,42.767,0
2588,42.784,0
2589,42.803,0
2590,42.825,0
2591,42.844,0
2592,42.865,0
2593,42.883,0
2594,42.905,0
2595,42.928,0
2596,42.950,0
2597,42.969,0
2598,42.990,0
2599,43.010,0
2600,43.032,0
2601,43.054,0
2602,43.075,0
2603,43.098,0
2604,43.124,0
2605,43.145,0
2606,43.165,0
2607,43.182,0
2608,43.202,0
2609,43.225,0
2610,43.245,0
2611,43.263,0
2612,43.283,0
2613,43.303,0
2614,43.323,0
2615,43.343,0
2616,43.364,0
2617,43.384,0
2618,43.403,0
2619,43.425,0
2620,43.448,0
2621,43.472,0
2622,43.494,0
2623,43.516,0
2624,43.536,0
2625,43.558,0
2626,43.578,0
2627,43.598,0
2628,43.619,0
2629,43.639,0
2630,43.659,0
2631,43.679,0
2632,43.697,0
2633,43.720,0
2634,43.740,0
2635,43.758,0
2636,43.777,0
2637,43.797,0
2638,43.815,0
2639,43.834,0
2640,43.852,0
2641,43.872,0
2642,43.892,0
2643,43.911,0
2644,43.930,0
2645,43.950,0
2646,43.967,0
2647,43.988,0
2648,44.008,0
2649,44.027,0
2650,44.045,0
2651,44.063,0
2652,44.080,0
2653,44.097,0
2654,44.119,0
2655,44.138,0
2656,44.159,0
2657,44.176,0
2658,44.195,0
2659,44.212,0
2660,44.230,0
2661,44.247,0
2662,44.264,0
2663,44.281,0
2664,44.297,0
2665,44.313,0
2666,44.329,0
2667,44.347,0
2668,44.363,0
2669,44.381,0
2670,44.398,0
2671,44.416,0
2672,44.434,0
2673,44.452,0
2674,44.470,0
2675,44.490,0
2676,44.509,0
2677,44.525,0
2678,44.541,0
2679,44.556,0
2680,44.573,0
2681,44.590,0
2682,44.606,0
2683,44.623,0
2684,44.640,0
2685,44.655,0
2686,44.672,0
2687,44.688,0
2688,44.703,0
2689,44.719,0
2690,44.737,0
2691,44.756,0
2692,44.772,0
2693,44.787,0
2694,44.804,0
2695,44.818,0
2696,44.833,0
2697,44.848,0
2698,44.866,0
2699,44.882,0
2700,44.897,0
2701,44.913,0
2702,44.929,0
2703,44.946,0
2704,44.963,0
2705,44.979,0
2706,44.997,0
2707,45.014,0
2708,45.032,0
2709,45.050,0
2710,45.067,0
2711,45.083,0
2712,45.098,0
2713,45.116,0
2714,45.135,0
2715,45.154,0
2716,45.175,0
2717,45.192,0
2718,45.211,0
2719,45.233,0
2720,45.251,0
2721,45.271,0
2722,45.290,0
2723,45.309,0
2724,45.328,0
2725,45.346,0
2726,45.364,0
2727,45.383,0
2728,45.401,0
2729,45.419,0
2730,45.440,0
2731,45.458,0
2732,45.479,0
2733,45.496,0
2734,45.515,0
2735,45.532,0
2736,45.550,0
2737,45.569,0
2738,45.589,0
2739,45.607,0
2740,45.626,0
2741,45.645,0
2742,45.663,0
2743,45.683,0
2744,45.702,0
2745,45.719,0
2746,45.738,0
2747,45.758,0
2748,45.778,0
2749,45.796,0
2750,45.814,0
2751,45.832,0
2752,45.850,0
2753,45.868,0
2754,45.885,0
2755,45.905,0
2756,45.924,0
2757,45.942,0
2758,45.961,0
2759,45.980,0
2760,46.000,0
2761,46.019,0
2762,46.039,0
2763,46.057,0
2764,46.074,0
2765,46.092,0
2766,46.109,0
2767,46.126,0
2768,46.144,0
2769,46.162,0
2770,46.181,0
2771,46.201,0
2772,46.219,0
2773,46.239,0
2774,46.257,0
2775,46.275,0
2776,46.294,0
2777,46.312,0
2778,46.328,0
2779,46.345,0
2780,46.363,0
2781,46.381,0
2782,46.401,0
2783,46.421,0
2784,46.440,0
2785,46.458,0
2786,46.476,0
2787,46.496,0
2788,46.514,0
2789,46.534,0
2790,46.555,0
2791,46.574,0
2792,46.592,0
2793,46.612,0
2794,46.632,0
2795,46.653,0
2796,46.672,0
2797,46.691,0
2798,46.710,0
2799,46.730,0
2800,46.751,0
2801,46.770,0
2802,46.789,0
2803,46.808,0
2804,46.826,0
2805,46.845,0
2806,46.864,0
2807,46.881,0
2808,46.901,0
2809,46.919,0
2810,46.938,0
2811,46.960,0
2812,46.979,0
2813,47.001,0
2814,47.027,0
2815,47.049,0
2816,47.069,0
2817,47.087,0
2818,47.104,0
2819,47.122,0
2820,47.142,0
2821,47.158,0
2822,47.177,0
2823,47.196,0
2824,47.214,0
2825,47.232,0
2826,47.251,0
2827,47.271,0
2828,47.288,0
2829,47.305,0
2830,47.321,0
2831,47.338,0
2832,47.354,0
2833,47.371,0
2834,47.387,0
2835,47.404,0
2836,47.420,0
2837,47.437,0
2838,47.455,0
2839,47.471,0
2840,47.488,0
2841,47.505,0
2842,47.522,0
2843,47.537,0
2844,47.554,0
2845,47.571,0
2846,47.586,0
2847,47.601,0
2848,47.616,0
2849,47.633,0
2850,47.650,0
2851,47.667,0
2852,47.684,0
2853,47.700,0
2854,47.716,0
2855,47.733,0
2856,47.748,0
2857,47.764,0
2858,47.779,0
2859,47.795,0
2860,47.812,0
2861,47.829,0
2862,47.845,0
2863,47.862,0
2864,47.879,0
2865,47.897,0
2866,47.917,0
2867,47.937,0
2868,47.955,0
2869,47.974,0
2870,47.994,0
2871,48.013,0
2872,48.032,0
2873,48.051,0
2874,48.069,0
2875,48.091,0
2876,48.111,0
2877,48.130,0
2878,48.151,0
2879,48.169,0
2880,48.187,0
2881,48.206,0
2882,48.228,0
2883,48.249,0
2884,48.270,0
2885,48.288,0
2886,48.308,0
2887,48.328,0
2888,48.350,0
2889,48.371,0
2890,48.392,0
2891,48.412,0
2892,48.434,0
2893,48.454,0
2894,48.474,0
2895,48.495,0
2896,48.513,0
2897,48.534,0
2898,48.555,0
2899,48.575,0
2900,48.595,0
2901,48.614,0
2902,48.635,0
2903,48.655,0
2904,48.675,0
2905,48.694,0
2906,48.715,0
2907,48.737,0
2908,48.758,0
2909,48.779,0
2910,48.801,0
2911,48.823,0
2912,48.843,0
2913,48.867,0
2914,48.887,0
2915,48.908,0
2916,48.930,0
2917,48.951,0
2918,48.972,0
2919,48.996,0
2920,49.022,0
2921,49.043,0
2922,49.063,0
2923,49.085,0
2924,49.106,0
2925,49.127,0
2926,49.148,0
2927,49.172,0
2928,49.193,0
2929,49.215,0
2930,49.236,0
2931,49.257,0
2932,49.277,0
2933,49.298,0
2934,49.317,0
2935,49.338,0
2936,49.357,0
2937,49.377,0
2938,49.398,0
2939,49.417,0
2940,49.439,0
2941,49.461,0
2942,49.485,0
2943,49.506,0
2944,49.526,0
2945,49.546,0
2946,49.568,0
2947,49.589,0
2948,49.609,0
2949,49.632,0
2950,49.654,0
2951,49.675,0
2952,49.700,0
2953,49.722,0
2954,49.742,0
2955,49.765,0
2956,49.787,0
2957,49.807,0
2958,49.825,0
2959,49.844,0
2960,49.864,0
2961,49.886,0
2962,49.905,0
2963,49.926,0
2964,49.945,0
2965,49.965,0
2966,49.986,0
2967,50.009,0
2968,50.027,0
2969,50.045,0
2970,50.067,0
2971,50.086,0
2972,50.107,0
2973,50.130,0
2974,50.152,0
2975,50.172,0
2976,50.193,0
2977,50.217,0
2978,50.238,0
2979,50.260,0
2980,50.279,0
2981,50.302,0
2982,50.322,0
2983,50.341,0
2984,50.360,0
2985,50.379,0
2986,50.399,0
2987,50.421,0
2988,50.440,0
2989,50.458,0
2990,50.478,0
2991,50.496,0
2992,50.516,0
2993,50.532,0
2994,50.548,0
2995,50.566,0
2996,50.586,0
2997,50.604,0
2998,50.625,0
2999,50.644,0
3000,50.663,0
3001,50.679,0
3002,50.696,0
3003,50.715,0
3004,50.735,0
3005,50.756,0
3006,50.773,0
3007,50.789,0
3008,50.807,0
3009,50.824,0
3010,50.841,0
3011,50.858,0
3012,50.875,0
3013,50.894,0
3014,50.911,0
3015,50.929,0
3016,50.946,0
3017,50.965,0
3018,50.984,0
3019,51.002,0
3020,51.020,0
3021,51.036,0
3022,51.052,0
3023,51.067,0
3024,51.084,0
3025,51.100,0
3026,51.116,0
3027,51.134,0
3028,51.149,0
3029,51.167,0
3030,51.182,0
3031,51.199,0
3032,51.216,0
3033,51.231,0
3034,51.248,0
3035,51.263,0
3036,51.280,0
3037,51.295,0
3038,51.310,0
3039,51.324,0
3040,51.339,0
3041,51.355,0
3042,51.370,0
3043,51.386,0
3044,51.401,0
3045,51.418,0
3046,51.436,0
3047,51.452,0
3048,51.470,0
3049,51.485,0
3050,51.502,0
3051,51.517,0
3052,51.535,0
3053,51.551,0
3054,51.568,0
3055,51.584,0
3056,51.600,0
3057,51.617,0
3058,51.632,0
3059,51.649,0
3060,51.666,0
3061,51.684,0
3062,51.701,0
3063,51.718,0
3064,51.736,0
3065,51.754,0
3066,51.770,0
3067,51.787,0
3068,51.803,0
3069,51.821,0
3070,51.838,0
3071,51.856,0
3072,51.875,0
3073,51.894,0
3074,51.913,0
3075,51.934,0
3076,51.952,0
3077,51.969,0
3078,51.990,0
3079,52.013,0
3080,52.037,0
3081,52.056,0
3082,52.075,0
3083,52.093,0
3084,52.113,0
3085,52.136,0
3086,52.154,0
3087,52.173,0
3088,52.192,0
3089,52.211,0
3090,52.231,0
3091,52.249,0
3092,52.270,0
3093,52.288,0
3094,52.305,0
3095,52.322,0
3096,52.340,0
3097,52.358,0
3098,52.378,0
3099,52.396,0
3100,52.415,0
3101,52.433,0
3102,52.451,0
3103,52.468,0
3104,52.486,0
3105,52.506,0
3106,52.523,0
3107,52.542,0
3108,52.559,0
3109,52.575,0
3110,52.594,0
3111,52.612,0
3112,52.629,0
3113,52.649,0
3114,52.669,0
3115,52.689,0
3116,52.709,0
3117,52.728,0
3118,52.750,0
3119,52.771,0
3120,52.792,0
3121,52.809,0
3122,52.825,0
3123,52.845,0
3124,52.863,0
3125,52.881,0
3126,52.901,0
3127,52.918,0
3128,52.938,0
3129,52.959,0
3130,52.979,0
3131,52.999,0
3132,53.019,0
3133,53.036,0
3134,53.055,0
3135,53.074,0
3136,53.091,0
3137,53.108,0
3138,53.125,0
3139,53.144,0
3140,53.164,0
3141,53.182,0
3142,53.200,0
3143,53.218,0
3144,53.235,0
3145,53.253,0
3146,53.273,0
3147,53.291,0
3148,53.312,0
3149,53.330,0
3150,53.349,0
3151,53.366,0
3152,53.385,0
3153,53.404,0
3154,53.424,0
3155,53.444,0
3156,53.463,0
3157,53.482,0
3158,53.501,0
3159,53.519,0
3160,53.537,0
3161,53.555,0
3162,53.572,0
3163,53.589,0
3164,53.607,0
3165,53.625,0
3166,53.645,0
3167,53.665,0
3168,53.682,0
3169,53.699,0
3170,53.717,0
3171,53.735,0
3172,53.754,0
3173,53.771,0
3174,53.787,0
3175,53.805,0
3176,53.823,0
3177,53.838,0
3178,53.856,0
3179,53.874,0
3180,53.891,0
3181,53.907,0
3182,53.924,0
3183,53.944,0
3184,53.961,0
3185,53.978,0
3186,53.999,0
3187,54.015,0
3188,54.032,0
3189,54.048,0
3190,54.066,0
3191,54.082,0
3192,54.098,0
3193,54.112,0
3194,54.130,0
3195,54.149,0
3196,54.166,0
3197,54.183,0
3198,54.200,0
3199,54.215,0
3200,54.232,0
3201,54.249,0
3202,54.267,0
3203,54.283,0
3204,54.300,0
3205,54.314,0
3206,54.329,0
3207,54.345,0
3208,54.361,0
3209,54.379,0
3210,54.396,0
3211,54.414,0
3212,54.431,0
3213,54.447,0
3214,54.464,0
3215,54.483,0
3216,54.501,0
3217,54.516,0
3218,54.532,0
3219,54.547,0
3220,54.563,0
3221,54.578,0
3222,54.593,0
3223,54.609,0
3224,54.626,0
3225,54.645,0
3226,54.664,0
3227,54.681,0
3228,54.699,0
3229,54.717,0
3230,54.736,0
3231,54.753,0
3232,54.771,0
3233,54.788,0
3234,54.805,0
3235,54.822,0
3236,54.840,0
3237,54.856,0
3238,54.875,0
3239,54.895,0
3240,54.913,0
3241,54.928,0
3242,54.947,0
3243,54.966,0
3244,54.985,0
3245,55.003,0
3246,55.020,0
3247,55.037,0
3248,55.055,0
3249,55.072,0
3250,55.089,0
3251,55.105,0
3252,55.125,0
3253,55.144,0
3254,55.161,0
3255,55.178,0
3256,55.198,0
3257,55.216,0
3258,55.234,0
3259,55.252,0
3260,55.269,0
3261,55.286,0
3262,55.304,0
3263,55.320,0
3264,55.336,0
3265,55.352,0
3266,55.369,0
3267,55.387,0
3268,55.403,0
3269,55.420,0
3270,55.437,0
3271,55.455,0
3272,55.472,0
3273,55.487,0
3274,55.505,0
3275,55.522,0
3276,55.536,0
3277,55.554,0
3278,55.570,0
3279,55.585,0
3280,55.600,0
3281,55.617,0
3282,55.633,0
3283,55.648,0
3284,55.663,0
3285,55.679,0
3286,55.695,0
3287,55.712,0
3288,55.728,0
3289,55.744,0
3290,55.761,0
3291,55.778,0
3292,55.792,0
3293,55.808,0
3294,55.822,0
3295,55.837,0
3296,55.853,0
3297,55.869,0
3298,55.885,0
3299,55.900,0
3300,55.917,0
3301,55.933,0
3302,55.948,0
3303,55.964,0
3304,55.982,0
3305,56.000,0
3306,56.017,0
3307,56.033,0
3308,56.050,0
3309,56.065,0
3310,56.080,0
3311,56.096,0
3312,56.113,0
3313,56.127,0
3314,56.143,0
3315,56.158,0
3316,56.175,0
3317,56.191,0
3318,56.207,0
3319,56.223,0
3320,56.241,0
3321,56.256,0
3322,56.270,0
3323,56.285,0
3324,56.300,0
3325,56.315,0
3326,56.329,0
3327,56.345,0
3328,56.360,0
3329,56.375,0
3330,56.391,0
3331,56.408,0
3332,56.424,0
3333,56.440,0
3334,56.456,0
3335,56.472,0
3336,56.488,0
3337,56.504,0
3338,56.518,0
3339,56.534,0
3340,56.549,0
3341,56.563,0
3342,56.579,0
3343,56.595,0
3344,56.611,0
3345,56.629,0
3346,56.646,0
3347,56.663,0
3348,56.679,0
3349,56.695,0
3350,56.713,0
3351,56.730,0
3352,56.747,0
3353,56.765,0
3354,56.780,0
3355,56.795,0
3356,56.811,0
3357,56.828,0
3358,56.844,0
3359,56.862,0
3360,56.879,0
3361,56.896,0
3362,56.915,0
3363,56.931,0
3364,56.949,0
3365,56.968,0
3366,56.986,0
3367,57.004,0
3368,57.026,0
3369,57.048,0
3370,57.065,0
3371,57.083,0
3372,57.099,0
3373,57.117,0
3374,57.138,0
3375,57.155,0
3376,57.175,0
3377,57.194,0
3378,57.215,0
3379,57.234,0
3380,57.252,0
3381,57.272,0
3382,57.290,0
3383,57.308,0
3384,57.328,0
3385,57.345,0
3386,57.364,0
3387,57.384,0
3388,57.403,0
3389,57.422,0
3390,57.441,0
3391,57.462,0
3392,57.482,0
3393,57.501,0
3394,57.519,0
3395,57.538,0
3396,57.558,0
3397,57.576,0
3398,57.595,0
3399,57.613,0
3400,57.632,0
3401,57.651,0
3402,57.671,0
3403,57.690,0
3404,57.709,0
3405,57.728,0
3406,57.748,0
3407,57.769,0
3408,57.787,0
3409,57.805,0
3410,57.823,0
3411,57.844,0
3412,57.862,0
3413,57.880,0
3414,57.900,0
3415,57.919,0
3416,57.937,0
3417,57.957,0
3418,57.977,0
3419,57.997,0
3420,58.015,0
3421,58.032,0
3422,58.051,0
3423,58.069,0
3424,58.085,0
3425,58.102,0
3426,58.119,0
3427,58.138,0
3428,58.158,0
3429,58.176,0
3430,58.194,0
3431,58.211,0
3432,58.229,0
3433,58.247,0
3434,58.265,0
3435,58.280,0
3436,58.297,0
3437,58.314,0
3438,58.330,0
3439,58.346,0
3440,58.363,0
3441,58.382,0
3442,58.400,0
3443,58.418,0
3444,58.434,0
3445,58.450,0
3446,58.468,0
3447,58.484,0
3448,58.502,0
3449,58.520,0
3450,58.536,0
3451,58.551,0
3452,58.567,0
3453,58.582,0
3454,58.598,0
3455,58.615,0
3456,58.633,0
3457,58.649,0
3458,58.666,0
3459,58.683,0
3460,58.702,0
3461,58.718,0
3462,58.736,0
3463,58.752,0
3464,58.769,0
3465,58.785,0
3466,58.801,0
3467,58.817,0
3468,58.832,0
3469,58.848,0
3470,58.866,0
3471,58.883,0
3472,58.902,0
3473,58.918,0
3474,58.935,0
3475,58.953,0
3476,58.969,0
3477,58.988,0
3478,59.005,0
3479,59.022,0
3480,59.038,0
3481,59.054,0
3482,59.071,0
3483,59.088,0
3484,59.105,0
3485,59.122,0
3486,59.142,0
3487,59.159,0
3488,59.176,0
3489,59.194,0
3490,59.212,0
3491,59.231,0
3492,59.250,0
3493,59.268,0
3494,59.285,0
3495,59.303,0
3496,59.322,0
3497,59.342,0
3498,59.362,0
3499,59.382,0
3500,59.403,0
3501,59.424,0
3502,59.443,0
3503,59.463,0
3504,59.484,0
3505,59.504,0
3506,59.526,0
3507,59.545,0
3508,59.566,0
3509,59.585,0
3510,59.606,0
3511,59.629,0
3512,59.648,0
3513,59.670,0
3514,59.690,0
3515,59.711,0
3516,59.733,0
3517,59.754,0
3518,59.774,0
3519,59.791,0
3520,59.810,0
3521,59.830,0
3522,59.848,0
3523,59.866,0
3524,59.886,0
3525,59.907,0
3526,59.926,0
3527,59.948,0
3528,59.968,0
3529,59.989,0
3530,60.009,0
3531,60.028,0
3532,60.048,0
3533,60.067,0
3534,60.087,0
3535,60.106,0
3536,60.126,0
3537,60.147,0
3538,60.170,0
3539,60.189,0
3540,60.209,0
3541,60.230,0
3542,60.251,0
3543,60.273,0
3544,60.293,0
3545,60.311,0
3546,60.329,0
3547,60.348,0
3548,60.367,0
3549,60.387,0
3550,60.409,0
3551,60.429,0
3552,60.448,0
3553,60.467,0
3554,60.489,0
3555,60.513,0
3556,60.531,0
3557,60.549,0
3558,60.569,0
3559,60.588,0
3560,60.608,0
3561,60.627,0
3562,60.647,0
3563,60.666,0
3564,60.685,0
3565,60.705,0
3566,60.724,0
3567,60.743,0
3568,60.762,0
3569,60.780,0
3570,60.801,0
3571,60.821,0
3572,60.840,0
3573,60.858,0
3574,60.878,0
3575,60.896,0
3576,60.914,0
3577,60.933,0
3578,60.954,0
3579,60.973,0
3580,60.992,0
3581,61.013,0
3582,61.030,0
3583,61.048,0
3584,61.067,0
3585,61.084,0
3586,61.104,0
3587,61.124,0
3588,61.142,0
3589,61.161,0
3590,61.181,0
3591,61.199,0
3592,61.219,0
3593,61.239,0
3594,61.257,0
3595,61.276,0
3596,61.294,0
3597,61.313,0
3598,61.331,0
3599,61.349,0
3600,61.369,0
3601,61.390,0
3602,61.410,0
3603,61.431,0
3604,61.450,0
3605,61.473,0
3606,61.494,0
3607,61.515,0
3608,61.535,0
3609,61.552,0
3610,61.572,0
3611,61.591,0
3612,61.610,0
3613,61.630,0
3614,61.651,0
3615,61.672,0
3616,61.692,0
3617,61.712,0
3618,61.732,0
3619,61.756,0
3620,61.775,0
3621,61.794,0
3622,61.815,0
3623,61.835,0
3624,61.857,0
3625,61.878,0
3626,61.898,0
3627,61.920,0
3628,61.943,0
3629,61.965,0
3630,61.995,0
3631,62.019,0
3632,62.042,0
3633,62.061,0
3634,62.080,0
3635,62.102,0
3636,62.121,0
3637,62.139,0
3638,62.159,0
3639,62.178,0
3640,62.196,0
3641,62.215,0
3642,62.235,0
3643,62.255,0
3644,62.273,0
3645,62.290,0
3646,62.308,0
3647,62.324,0
3648,62.341,0
3649,62.359,0
3650,62.376,0
3651,62.393,0
3652,62.411,0
3653,62.428,0
3654,62.446,0
3655,62.465,0
3656,62.482,0
3657,62.500,0
3658,62.516,0
3659,62.533,0
3660,62.549,0
3661,62.566,0
3662,62.582,0
3663,62.598,0
3664,62.616,0
3665,62.634,0
3666,62.652,0
3667,62.669,0
3668,62.687,0
3669,62.706,0
3670,62.725,0
3671,62.742,0
3672,62.759,0
3673,62.776,0
3674,62.793,0
3675,62.810,0
3676,62.826,0
3677,62.843,0
3678,62.860,0
3679,62.877,0
3680,62.894,0
3681,62.911,0
3682,62.928,0
3683,62.946,0
3684,62.964,0
3685,62.980,0
3686,62.997,0
3687,63.016,0
3688,63.034,0
3689,63.053,0
3690,63.069,0
3691,63.084,0
3692,63.103,0
3693,63.121,0
3694,63.138,0
3695,63.157,0
3696,63.175,0
3697,63.192,0
3698,63.210,0
3699,63.228,0
3700,63.246,0
3701,63.264,0
3702,63.280,0
3703,63.297,0
3704,63.313,0
3705,63.329,0
3706,63.347,0
3707,63.365,0
3708,63.383,0
3709,63.403,0
3710,63.421,0
3711,63.440,0
3712,63.458,0
3713,63.476,0
3714,63.494,0
3715,63.512,0
3716,63.530,0
3717,63.547,0
3718,63.564,0
3719,63.582,0
3720,63.601,0
3721,63.621,0
3722,63.639,0
3723,63.657,0
3724,63.675,0
3725,63.694,0
3726,63.713,0
3727,63.731,0
3728,63.751,0
3729,63.768,0
3730,63.784,0
3731,63.803,0
3732,63.821,0
3733,63.838,0
3734,63.856,0
3735,63.875,0
3736,63.893,0
3737,63.912,0
3738,63.928,0
3739,63.946,0
3740,63.962,0
3741,63.981,0
3742,64.000,0
3743,64.019,0
3744,64.033,0
3745,64.050,0
3746,64.066,0
3747,64.084,0
3748,64.101,0
3749,64.116,0
3750,64.133,0
3751,64.150,0
3752,64.168,0
3753,64.187,0
3754,64.204,0
3755,64.222,0
3756,64.241,0
3757,64.260,0
3758,64.275,0
3759,64.292,0
3760,64.308,0
3761,64.325,0
3762,64.341,0
3763,64.358,0
3764,64.375,0
3765,64.394,0
3766,64.412,0
3767,64.428,0
3768,64.444,0
3769,64.461,0
3770,64.478,0
3771,64.494,0
3772,64.510,0
3773,64.526,0
3774,64.542,0
3775,64.561,0
3776,64.577,0
3777,64.595,0
3778,64.611,0
3779,64.627,0
3780,64.644,0
3781,64.662,0
3782,64.679,0
3783,64.697,0
3784,64.714,0
3785,64.731,0
3786,64.749,0
3787,64.767,0
3788,64.783,0
3789,64.797,0
3790,64.814,0
3791,64.830,0
3792,64.845,0
3793,64.861,0
3794,64.877,0
3795,64.894,0
3796,64.909,0
3797,64.926,0
3798,64.943,0
3799,64.962,0
3800,64.979,0
3801,64.998,0
3802,65.014,0
3803,65.029,0
3804,65.044,0
3805,65.059,0
3806,65.077,0
3807,65.091,0
3808,65.107,0
3809,65.122,0
3810,65.141,0
3811,65.158,0
3812,65.173,0
3813,65.188,0
3814,65.205,0
3815,65.221,0
3816,65.237,0
3817,65.255,0
3818,65.271,0
3819,65.285,0
3820,65.301,0
3821,65.315,0
3822,65.331,0
3823,65.346,0
3824,65.363,0
3825,65.380,0
3826,65.396,0
3827,65.412,0
3828,65.428,0
3829,65.444,0
3830,65.461,0
3831,65.477,0
3832,65.494,0
3833,65.511,0
3834,65.527,0
3835,65.541,0
3836,65.558,0
3837,65.576,0
3838,65.594,0
3839,65.611,0
3840,65.629,0
3841,65.645,0
3842,65.662,0
3843,65.679,0
3844,65.697,0
3845,65.715,0
3846,65.736,0
3847,65.753,0
3848,65.770,0
3849,65.789,0
3850,65.806,0
3851,65.824,0
3852,65.841,0
3853,65.861,0
3854,65.879,0
3855,65.899,0
3856,65.918,0
3857,65.936,0
3858,65.956,0
3859,65.977,0
3860,65.998,0
3861,66.015,0
3862,66.035,0
3863,66.053,0
3864,66.071,0
3865,66.088,0
3866,66.107,0
3867,66.128,0
3868,66.146,0
3869,66.165,0
3870,66.188,0
3871,66.207,0
3872,66.228,0
3873,66.251,0
3874,66.270,0
3875,66.288,0
3876,66.307,0
3877,66.326,0
3878,66.344,0
3879,66.364,0
3880,66.385,0
3881,66.405,0
3882,66.426,0
3883,66.448,0
3884,66.469,0
3885,66.491,0
3886,66.514,0
3887,66.535,0
3888,66.555,0
3889,66.575,0
3890,66.595,0
3891,66.615,0
3892,66.635,0
3893,66.660,0
