elapsed_s,err_x_px,err_pitch_px,target_roll_us,target_pitch_us,actual_roll_deg,actual_pitch_deg,vib_x,vib_y,vib_z,aligned
0.000,60,-17,1600,1446,0.16,0.76,2.7606,2.7751,6.5623,1
0.018,61,-17,1600,1472,0.16,0.76,2.7606,2.7751,6.5623,0
0.036,61,-17,1558,1478,0.16,0.76,2.7606,2.7751,6.5623,0
0.053,62,-17,1538,1478,0.16,0.76,2.7606,2.7751,6.5623,0
0.070,63,-17,1528,1478,0.16,0.76,2.7606,2.7751,6.5623,0
0.087,63,-17,1522,1478,0.16,0.76,2.7606,2.7751,6.5623,0
0.105,64,-17,1522,1478,0.16,0.76,2.7606,2.7751,6.5623,0
0.122,65,-17,1522,1478,0.16,0.76,2.7606,2.7751,6.5623,0
0.139,66,-17,1522,1478,1.22,0.70,2.7606,2.7751,6.5623,0
0.156,66,-17,1522,1478,1.22,0.70,2.7606,2.7751,6.5623,0
0.173,67,-17,1522,1478,1.22,0.70,2.7606,2.7751,6.5623,0
0.190,67,-17,1522,1478,1.22,0.70,2.7606,2.7751,6.5623,0
0.208,67,-17,1522,1478,1.22,0.70,2.1367,3.3000,5.8294,0
0.225,68,-17,1522,1478,1.22,0.70,2.1367,3.3000,5.8294,0
0.242,68,-17,1522,1478,1.22,0.70,2.1367,3.3000,5.8294,0
0.260,69,-17,1522,1478,1.22,0.70,2.1367,3.3000,5.8294,0
0.277,69,-17,1522,1478,1.22,0.70,2.1367,3.3000,5.8294,0
0.295,69,-17,1522,1478,1.22,0.70,2.1367,3.3000,5.8294,0
0.312,70,-17,1522,1478,1.22,0.70,2.1367,3.3000,5.8294,0
0.329,70,-17,1522,1478,1.22,0.70,2.1367,3.3000,5.8294,0
0.346,71,-17,1522,1478,1.22,0.70,2.1367,3.3000,5.8294,0
0.364,71,-17,1522,1478,1.22,0.70,2.1367,3.3000,5.8294,0
0.381,72,-17,1522,1478,1.22,0.70,2.1367,3.3000,5.8294,0
0.398,72,-17,1522,1478,0.72,1.10,2.1367,3.3000,5.8294,0
0.415,73,-17,1522,1478,0.72,1.10,2.1367,3.3000,5.8294,0
0.434,74,-17,1522,1478,0.72,1.10,2.1367,3.3000,5.8294,0
0.452,74,-17,1522,1478,0.72,1.10,2.8112,2.8826,6.5675,0
0.469,75,-17,1522,1478,0.72,1.10,2.8112,2.8826,6.5675,0
0.487,76,-17,1522,1478,0.72,1.10,2.8112,2.8826,6.5675,0
0.504,76,-17,1522,1478,0.72,1.10,2.8112,2.8826,6.5675,0
0.521,77,-18,1522,1478,0.72,1.10,2.8112,2.8826,6.5675,0
0.538,77,-17,1522,1478,0.72,1.10,2.8112,2.8826,6.5675,0
0.557,78,-17,1522,1478,0.72,1.10,2.8112,2.8826,6.5675,0
0.574,78,-17,1522,1478,0.72,1.10,2.8112,2.8826,6.5675,0
0.591,78,-17,1522,1478,0.72,1.10,2.8112,2.8826,6.5675,0
0.610,79,-17,1522,1478,0.72,1.10,2.8112,2.8826,6.5675,0
0.628,80,-17,1522,1478,0.72,1.10,2.8112,2.8826,6.5675,0
0.646,80,-17,1522,1478,0.91,1.23,2.8112,2.8826,6.5675,0
0.665,81,-17,1522,1478,0.91,1.23,2.8112,2.8826,6.5675,0
0.683,82,-17,1522,1478,0.91,1.23,2.8112,2.8826,6.5675,0
0.700,83,-17,1522,1478,0.91,1.23,2.7695,3.1141,6.1835,0
0.718,84,-17,1522,1478,0.91,1.23,2.7695,3.1141,6.1835,0
0.735,85,-17,1522,1478,0.91,1.23,2.7695,3.1141,6.1835,0
0.752,86,-17,1523,1478,0.91,1.23,2.7695,3.1141,6.1835,0
0.770,86,-17,1522,1478,0.91,1.23,2.7695,3.1141,6.1835,0
0.787,87,-17,1522,1478,0.91,1.23,2.7695,3.1141,6.1835,0
0.805,88,-17,1522,1478,0.91,1.23,2.7695,3.1141,6.1835,0
0.823,89,-18,1523,1478,0.91,1.23,2.7695,3.1141,6.1835,0
0.840,90,-18,1523,1478,0.91,1.23,2.7695,3.1141,6.1835,0
0.857,90,-17,1522,1478,0.91,1.23,2.7695,3.1141,6.1835,0
0.874,90,-17,1522,1478,0.91,1.23,2.7695,3.1141,6.1835,0
0.891,91,-18,1522,1478,1.04,1.49,2.7695,3.1141,6.1835,0
0.908,92,-18,1523,1478,1.04,1.49,2.7695,3.1141,6.1835,0
0.925,92,-17,1522,1478,1.04,1.49,2.7695,3.1141,6.1835,0
0.943,93,-17,1522,1478,1.04,1.49,3.2730,2.9698,7.3791,0
0.960,94,-17,1523,1478,1.04,1.49,3.2730,2.9698,7.3791,0
0.977,94,-17,1522,1478,1.04,1.49,3.2730,2.9698,7.3791,0
0.994,94,-17,1522,1478,1.04,1.49,3.2730,2.9698,7.3791,0
1.013,95,-17,1522,1478,1.04,1.49,3.2730,2.9698,7.3791,0
1.030,95,-17,1522,1478,1.04,1.49,3.2730,2.9698,7.3791,0
1.048,96,-17,1522,1478,1.04,1.49,3.2730,2.9698,7.3791,0
1.065,97,-18,1522,1478,1.04,1.49,3.2730,2.9698,7.3791,0
1.083,97,-18,1523,1478,1.04,1.49,3.2730,2.9698,7.3791,0
1.100,98,-18,1524,1478,1.04,1.49,3.2730,2.9698,7.3791,0
1.117,98,-17,1522,1478,1.04,1.49,3.2730,2.9698,7.3791,0
1.134,99,-18,1524,1478,0.90,1.24,3.2730,2.9698,7.3791,0
1.151,100,-17,1525,1478,0.90,1.24,3.2730,2.9698,7.3791,0
1.169,100,-17,1522,1478,0.90,1.24,3.2730,2.9698,7.3791,0
1.187,101,-17,1524,1478,0.90,1.24,3.2730,2.9698,7.3791,0
1.205,102,-17,1525,1478,0.90,1.24,2.6169,3.0114,6.9650,0
1.223,103,-18,1525,1478,0.90,1.24,2.6169,3.0114,6.9650,0
1.241,104,-18,1526,1478,0.90,1.24,2.6169,3.0114,6.9650,0
1.259,105,-18,1526,1478,0.90,1.24,2.6169,3.0114,6.9650,0
1.276,105,-17,1523,1478,0.90,1.24,2.6169,3.0114,6.9650,0
1.294,106,-18,1525,1478,0.90,1.24,2.6169,3.0114,6.9650,0
1.313,107,-18,1526,1478,0.90,1.24,2.6169,3.0114,6.9650,0
1.331,107,-18,1523,1478,0.90,1.24,2.6169,3.0114,6.9650,0
1.348,108,-18,1525,1478,0.90,1.24,2.6169,3.0114,6.9650,0
1.365,109,-18,1526,1478,0.90,1.24,2.6169,3.0114,6.9650,0
1.382,110,-18,1527,1478,0.72,1.02,2.6169,3.0114,6.9650,0
1.399,111,-18,1527,1478,0.72,1.02,2.6169,3.0114,6.9650,0
1.417,111,-18,1525,1478,0.72,1.02,2.6169,3.0114,6.9650,0
1.435,112,-18,1526,1478,0.72,1.02,2.6169,3.0114,6.9650,0
1.452,112,-18,1524,1478,0.72,1.02,2.7799,2.7279,7.1598,0
1.469,112,-18,1523,1478,0.72,1.02,2.7799,2.7279,7.1598,0
1.486,113,-18,1526,1478,0.72,1.02,2.7799,2.7279,7.1598,0
1.503,113,-18,1524,1478,0.72,1.02,2.7799,2.7279,7.1598,0
1.520,115,-18,1529,1478,0.72,1.02,2.7799,2.7279,7.1598,0
1.538,116,-18,1529,1478,0.72,1.02,2.7799,2.7279,7.1598,0
1.555,117,-18,1529,1478,0.72,1.02,2.7799,2.7279,7.1598,0
1.572,118,-18,1529,1478,0.72,1.02,2.7799,2.7279,7.1598,0
1.590,119,-18,1529,1478,0.72,1.02,2.7799,2.7279,7.1598,0
1.607,120,-18,1529,1478,0.72,1.02,2.7799,2.7279,7.1598,0
1.624,121,-18,1530,1478,0.72,1.02,2.7799,2.7279,7.1598,0
1.641,121,-18,1527,1478,0.74,0.97,2.7799,2.7279,7.1598,0
1.658,122,-18,1528,1478,0.74,0.97,2.7799,2.7279,7.1598,0
1.675,123,-18,1529,1478,0.74,0.97,2.7799,2.7279,7.1598,0
1.692,125,-18,1533,1478,0.74,0.97,3.0055,2.5631,7.3012,0
1.710,125,-18,1529,1478,0.74,0.97,3.0055,2.5631,7.3012,0
1.727,127,-18,1533,1478,0.74,0.97,3.0055,2.5631,7.3012,0
1.744,127,-18,1529,1478,0.74,0.97,3.0055,2.5631,7.3012,0
1.761,129,-18,1533,1478,0.74,0.97,3.0055,2.5631,7.3012,0
1.778,129,-18,1529,1478,0.74,0.97,3.0055,2.5631,7.3012,0
1.796,130,-18,1530,1478,0.74,0.97,3.0055,2.5631,7.3012,0
1.814,130,-18,1528,1478,0.74,0.97,3.0055,2.5631,7.3012,0
1.831,130,-18,1527,1478,0.74,0.97,3.0055,2.5631,7.3012,0
1.848,132,-18,1532,1478,0.74,0.97,3.0055,2.5631,7.3012,0
1.865,132,-18,1529,1478,0.74,0.97,3.0055,2.5631,7.3012,0
1.882,132,-18,1528,1478,1.06,0.83,3.0055,2.5631,7.3012,0
1.900,134,-18,1533,1478,1.06,0.83,3.0055,2.5631,7.3012,0
1.919,133,-18,1527,1478,1.06,0.83,3.0055,2.5631,7.3012,0
1.937,134,-18,1529,1478,1.06,0.83,2.7606,2.7909,6.5155,0
1.954,134,-18,1528,1478,1.06,0.83,2.7606,2.7909,6.5155,0
1.971,135,-18,1530,1478,1.06,0.83,2.7606,2.7909,6.5155,0
1.988,136,-18,1532,1478,1.06,0.83,2.7606,2.7909,6.5155,0
2.005,139,-19,1538,1478,1.06,0.83,2.7606,2.7909,6.5155,0
2.022,139,-19,1533,1478,1.06,0.83,2.7606,2.7909,6.5155,0
2.040,140,-18,1533,1478,1.06,0.83,2.7606,2.7909,6.5155,0
2.057,141,-18,1534,1478,1.06,0.83,2.7606,2.7909,6.5155,0
2.074,141,-18,1531,1478,1.06,0.83,2.7606,2.7909,6.5155,0
2.092,142,-18,1532,1478,1.06,0.83,2.7606,2.7909,6.5155,0
2.109,142,-18,1530,1478,1.06,0.83,2.7606,2.7909,6.5155,0
2.126,142,-18,1529,1478,1.11,0.84,2.7606,2.7909,6.5155,0
2.143,142,-18,1529,1478,1.11,0.84,2.7606,2.7909,6.5155,0
2.160,143,-18,1531,1478,1.11,0.84,2.7606,2.7909,6.5155,0
2.178,144,-18,1533,1478,1.11,0.84,2.7606,2.7909,6.5155,0
2.195,144,-18,1531,1478,1.11,0.84,2.7481,2.5539,7.4344,0
2.213,145,-18,1532,1478,1.11,0.84,2.7481,2.5539,7.4344,0
2.230,146,-18,1534,1478,1.11,0.84,2.7481,2.5539,7.4344,0
2.248,146,-18,1531,1478,1.11,0.84,2.7481,2.5539,7.4344,0
2.266,146,-18,1530,1478,1.11,0.84,2.7481,2.5539,7.4344,0
2.283,146,-18,1529,1478,1.11,0.84,2.7481,2.5539,7.4344,0
2.300,147,-18,1532,1478,1.11,0.84,2.7481,2.5539,7.4344,0
2.317,147,-18,1531,1478,1.11,0.84,2.7481,2.5539,7.4344,0
2.334,149,-18,1536,1478,1.11,0.84,2.7481,2.5539,7.4344,0
2.352,148,-18,1530,1478,1.11,0.84,2.7481,2.5539,7.4344,0
2.369,150,-19,1536,1478,1.11,0.84,2.7481,2.5539,7.4344,0
2.386,150,-18,1533,1478,1.13,0.65,2.7481,2.5539,7.4344,0
2.403,0,0,1533,1478,1.13,0.65,2.7481,2.5539,7.4344,0
2.422,150,-18,1531,1478,1.13,0.65,2.7481,2.5539,7.4344,0
2.439,0,0,1531,1478,1.13,0.65,2.7481,2.5539,7.4344,0
2.456,151,-18,1531,1478,1.13,0.65,2.8652,3.0419,7.5467,0
2.474,0,0,1531,1478,1.13,0.65,2.8652,3.0419,7.5467,0
2.492,152,-18,1530,1478,1.13,0.65,2.8652,3.0419,7.5467,0
2.509,0,0,1530,1478,1.13,0.65,2.8652,3.0419,7.5467,0
2.526,0,0,1530,1478,1.13,0.65,2.8652,3.0419,7.5467,0
2.543,0,0,1530,1478,1.13,0.65,2.8652,3.0419,7.5467,0
2.560,152,-18,1530,1478,1.13,0.65,2.8652,3.0419,7.5467,0
2.578,0,0,1530,1478,1.13,0.65,2.8652,3.0419,7.5467,0
2.595,0,0,1530,1478,1.13,0.65,2.8652,3.0419,7.5467,0
2.612,0,0,1530,1478,1.13,0.65,2.8652,3.0419,7.5467,0
2.629,0,0,1530,1478,1.28,0.79,2.8652,3.0419,7.5467,0
2.646,152,-18,1530,1478,1.28,0.79,2.8652,3.0419,7.5467,0
2.663,152,-18,1530,1478,1.28,0.79,2.8652,3.0419,7.5467,0
2.681,0,0,1530,1478,1.28,0.79,2.8652,3.0419,7.5467,0
2.698,0,0,1530,1478,1.28,0.79,2.4410,3.2318,7.5508,0
2.715,0,0,1530,1478,1.28,0.79,2.4410,3.2318,7.5508,0
2.733,0,0,1530,1478,1.28,0.79,2.4410,3.2318,7.5508,0
2.750,0,0,1530,1478,1.28,0.79,2.4410,3.2318,7.5508,0
2.767,0,0,1530,1478,1.28,0.79,2.4410,3.2318,7.5508,0
2.785,0,0,1530,1478,1.28,0.79,2.4410,3.2318,7.5508,0
2.802,0,0,1530,1478,1.28,0.79,2.4410,3.2318,7.5508,0
2.819,0,0,1530,1478,1.28,0.79,2.4410,3.2318,7.5508,0
2.836,0,0,1530,1478,1.28,0.79,2.4410,3.2318,7.5508,0
2.856,0,0,1530,1478,1.28,0.79,2.4410,3.2318,7.5508,0
2.873,0,0,1530,1478,1.28,0.79,2.4410,3.2318,7.5508,0
2.890,0,0,1530,1478,0.88,0.63,2.4410,3.2318,7.5508,0
2.907,0,0,1530,1478,0.88,0.63,2.4410,3.2318,7.5508,0
2.926,0,0,1530,1478,0.88,0.63,2.4410,3.2318,7.5508,0
2.943,0,0,1530,1478,0.88,0.63,1.5648,3.2401,5.5405,0
2.961,0,0,1530,1478,0.88,0.63,1.5648,3.2401,5.5405,0
2.979,0,0,1530,1478,0.88,0.63,1.5648,3.2401,5.5405,0
2.997,0,0,1530,1478,0.88,0.63,1.5648,3.2401,5.5405,0
3.016,0,0,1530,1478,0.88,0.63,1.5648,3.2401,5.5405,0
3.033,0,0,1530,1478,0.88,0.63,1.5648,3.2401,5.5405,0
3.050,0,0,1530,1478,0.88,0.63,1.5648,3.2401,5.5405,0
3.067,0,0,1530,1478,0.88,0.63,1.5648,3.2401,5.5405,0
3.084,0,0,1530,1478,0.88,0.63,1.5648,3.2401,5.5405,0
3.101,0,0,1530,1478,0.88,0.63,1.5648,3.2401,5.5405,0
3.120,0,0,1530,1478,0.88,0.63,1.5648,3.2401,5.5405,0
3.137,0,0,1530,1478,0.25,0.65,1.5648,3.2401,5.5405,0
3.154,0,0,1530,1478,0.25,0.65,1.5648,3.2401,5.5405,0
3.171,0,0,1500,1500,0.25,0.65,1.5648,3.2401,5.5405,0
3.188,0,0,1500,1500,0.25,0.65,1.5648,3.2401,5.5405,0
3.206,0,0,1500,1500,0.25,0.65,2.9016,2.7336,8.2105,0
3.223,0,0,1500,1500,0.25,0.65,2.9016,2.7336,8.2105,0
3.241,0,0,1500,1500,0.25,0.65,2.9016,2.7336,8.2105,0
3.258,147,-18,1529,1478,0.25,0.65,2.9016,2.7336,8.2105,0
3.275,146,-18,1526,1478,0.25,0.65,2.9016,2.7336,8.2105,0
3.292,144,-18,1522,1478,0.25,0.65,2.9016,2.7336,8.2105,0
3.310,144,-18,1525,1478,0.25,0.65,2.9016,2.7336,8.2105,0
3.327,142,-18,1522,1478,0.25,0.65,2.9016,2.7336,8.2105,0
3.345,142,-18,1524,1478,0.25,0.65,2.9016,2.7336,8.2105,0
3.362,141,-19,1523,1478,0.25,0.65,2.9016,2.7336,8.2105,0
3.379,141,-19,1525,1478,-0.72,0.91,2.9016,2.7336,8.2105,0
3.396,140,-18,1523,1478,-0.72,0.91,2.9016,2.7336,8.2105,0
3.413,139,-18,1522,1478,-0.72,0.91,2.9016,2.7336,8.2105,0
3.431,139,-18,1525,1478,-0.72,0.91,2.9016,2.7336,8.2105,0
3.448,137,-18,1522,1478,-0.72,0.91,2.4995,2.9522,6.4088,0
3.466,137,-18,1524,1478,-0.72,0.91,2.4995,2.9522,6.4088,0
3.484,136,-18,1522,1478,-0.72,0.91,2.4995,2.9522,6.4088,0
3.502,136,-18,1525,1478,-0.72,0.91,2.4995,2.9522,6.4088,0
3.520,138,-18,1532,1478,-0.72,0.91,2.4995,2.9522,6.4088,0
3.538,137,-18,1526,1478,-0.72,0.91,2.4995,2.9522,6.4088,0
3.555,138,-18,1530,1478,-0.72,0.91,2.4995,2.9522,6.4088,0
3.573,137,-18,1526,1478,-0.72,0.91,2.4995,2.9522,6.4088,0
3.591,138,-18,1529,1478,-0.72,0.91,2.4995,2.9522,6.4088,0
3.609,136,-18,1522,1478,-0.72,0.91,2.4995,2.9522,6.4088,0
3.626,135,-19,1522,1478,-0.72,0.91,2.4995,2.9522,6.4088,0
3.644,134,-19,1522,1478,-1.14,1.19,2.4995,2.9522,6.4088,0
3.662,134,-19,1524,1478,-1.14,1.19,2.4995,2.9522,6.4088,0
3.679,133,-18,1522,1478,-1.14,1.19,2.4995,2.9522,6.4088,0
3.697,131,-18,1522,1478,-1.14,1.19,1.9068,3.0631,5.6447,0
3.714,131,-18,1522,1478,-1.14,1.19,1.9068,3.0631,5.6447,0
3.731,130,-19,1522,1478,-1.14,1.19,1.9068,3.0631,5.6447,0
3.748,130,-19,1523,1478,-1.14,1.19,1.9068,3.0631,5.6447,0
3.765,129,-19,1522,1478,-1.14,1.19,1.9068,3.0631,5.6447,0
3.783,129,-19,1523,1478,-1.14,1.19,1.9068,3.0631,5.6447,0
3.800,129,-19,1524,1478,-1.14,1.19,1.9068,3.0631,5.6447,0
3.818,126,-20,1522,1478,-1.14,1.19,1.9068,3.0631,5.6447,0
3.836,126,-19,1522,1478,-1.14,1.19,1.9068,3.0631,5.6447,0
3.853,123,-20,1522,1478,-1.14,1.19,1.9068,3.0631,5.6447,0
3.872,122,-19,1522,1478,-1.14,1.19,1.9068,3.0631,5.6447,0
3.889,121,-19,1522,1478,-1.67,1.17,1.9068,3.0631,5.6447,0
3.906,120,-19,1522,1478,-1.67,1.17,1.9068,3.0631,5.6447,0
3.923,119,-19,1522,1478,-1.67,1.17,1.9068,3.0631,5.6447,0
3.940,119,-19,1522,1478,-1.67,1.17,2.6030,2.8776,7.5883,0
3.957,119,-19,1522,1478,-1.67,1.17,2.6030,2.8776,7.5883,0
3.974,119,-18,1523,1500,-1.67,1.17,2.6030,2.8776,7.5883,0
3.992,119,-19,1523,1478,-1.67,1.17,2.6030,2.8776,7.5883,0
4.009,117,-18,1522,1478,-1.67,1.17,2.6030,2.8776,7.5883,0
4.026,117,-18,1522,1478,-1.67,1.17,2.6030,2.8776,7.5883,0
4.043,117,-18,1522,1478,-1.67,1.17,2.6030,2.8776,7.5883,0
4.061,116,-18,1522,1478,-1.67,1.17,2.6030,2.8776,7.5883,0
4.079,116,-18,1522,1478,-1.67,1.17,2.6030,2.8776,7.5883,0
4.096,115,-18,1522,1478,-1.67,1.17,2.6030,2.8776,7.5883,0
4.113,114,-18,1522,1478,-1.67,1.17,2.6030,2.8776,7.5883,0
4.131,113,-18,1522,1478,-1.86,1.07,2.6030,2.8776,7.5883,0
4.149,112,-18,1522,1478,-1.86,1.07,2.6030,2.8776,7.5883,0
4.166,111,-18,1522,1478,-1.86,1.07,2.6030,2.8776,7.5883,0
4.184,110,-18,1522,1478,-1.86,1.07,2.6030,2.8776,7.5883,0
4.201,109,-19,1522,1478,-1.86,1.07,2.1582,2.9957,6.6235,0
4.220,108,-19,1522,1478,-1.86,1.07,2.1582,2.9957,6.6235,0
4.237,107,-18,1522,1478,-1.86,1.07,2.1582,2.9957,6.6235,0
4.254,105,-18,1522,1478,-1.86,1.07,2.1582,2.9957,6.6235,0
4.271,104,-18,1522,1478,-1.86,1.07,2.1582,2.9957,6.6235,0
4.288,102,-18,1522,1478,-1.86,1.07,2.1582,2.9957,6.6235,0
4.306,101,-18,1522,1478,-1.86,1.07,2.1582,2.9957,6.6235,0
4.323,100,-18,1522,1478,-1.86,1.07,2.1582,2.9957,6.6235,0
4.340,99,-18,1522,1478,-1.86,1.07,2.1582,2.9957,6.6235,0
4.358,98,-18,1522,1478,-1.86,1.07,2.1582,2.9957,6.6235,0
4.375,98,-18,1522,1478,-1.86,1.07,2.1582,2.9957,6.6235,0
4.392,96,-18,1522,1478,-1.52,0.98,2.1582,2.9957,6.6235,0
4.409,94,-18,1522,1478,-1.52,0.98,2.1582,2.9957,6.6235,0
4.426,93,-18,1522,1478,-1.52,0.98,2.1582,2.9957,6.6235,0
4.444,91,-18,1522,1478,-1.52,0.98,2.6509,2.9126,7.5366,0
4.461,90,-18,1522,1478,-1.52,0.98,2.6509,2.9126,7.5366,0
4.478,88,-18,1522,1478,-1.52,0.98,2.6509,2.9126,7.5366,0
4.496,88,-18,1522,1478,-1.52,0.98,2.6509,2.9126,7.5366,0
4.513,86,-18,1522,1478,-1.52,0.98,2.6509,2.9126,7.5366,0
4.530,85,-18,1522,1478,-1.52,0.98,2.6509,2.9126,7.5366,0
4.548,83,-18,1522,1478,-1.52,0.98,2.6509,2.9126,7.5366,0
4.565,82,-18,1522,1478,-1.52,0.98,2.6509,2.9126,7.5366,0
4.582,81,-18,1522,1478,-1.52,0.98,2.6509,2.9126,7.5366,0
4.599,80,-18,1522,1478,-1.52,0.98,2.6509,2.9126,7.5366,0
4.616,78,-18,1522,1478,-1.52,0.98,2.6509,2.9126,7.5366,0
4.633,77,-18,1522,1478,-1.20,0.97,2.6509,2.9126,7.5366,0
4.650,75,-18,1522,1478,-1.20,0.97,2.6509,2.9126,7.5366,0
4.668,74,-18,1522,1478,-1.20,0.97,2.6509,2.9126,7.5366,0
4.685,73,-18,1522,1478,-1.20,0.97,2.6509,2.9126,7.5366,0
4.704,72,-18,1522,1478,-1.20,0.97,3.0028,2.8360,7.1833,0
4.722,70,-18,1522,1478,-1.20,0.97,3.0028,2.8360,7.1833,0
4.739,69,-18,1522,1478,-1.20,0.97,3.0028,2.8360,7.1833,0
4.756,68,-17,1522,1500,-1.20,0.97,3.0028,2.8360,7.1833,0
4.774,67,-17,1522,1478,-1.20,0.97,3.0028,2.8360,7.1833,0
4.791,66,-17,1522,1478,-1.20,0.97,3.0028,2.8360,7.1833,0
4.810,65,-17,1522,1478,-1.20,0.97,3.0028,2.8360,7.1833,0
4.827,63,-17,1522,1478,-1.20,0.97,3.0028,2.8360,7.1833,0
4.845,62,-17,1522,1478,-1.20,0.97,3.0028,2.8360,7.1833,0
4.863,61,-17,1522,1478,-1.20,0.97,3.0028,2.8360,7.1833,0
4.880,60,-17,1522,1478,-0.75,0.87,3.0028,2.8360,7.1833,1
4.897,59,-17,1522,1478,-0.75,0.87,3.0028,2.8360,7.1833,1
4.914,59,-17,1522,1478,-0.75,0.87,3.0028,2.8360,7.1833,1
4.931,58,-17,1522,1478,-0.75,0.87,3.0028,2.8360,7.1833,1
4.949,56,-17,1522,1478,-0.75,0.87,3.5301,2.2939,7.7935,1
4.966,55,-17,1522,1478,-0.75,0.87,3.5301,2.2939,7.7935,1
4.983,54,-17,1522,1478,-0.75,0.87,3.5301,2.2939,7.7935,1
5.000,53,-17,1522,1478,-0.75,0.87,3.5301,2.2939,7.7935,1
5.017,51,-17,1522,1478,-0.75,0.87,3.5301,2.2939,7.7935,1
5.034,50,-17,1522,1478,-0.75,0.87,3.5301,2.2939,7.7935,1
5.052,48,-16,1500,1500,-0.75,0.87,3.5301,2.2939,7.7935,1
5.071,46,-16,1500,1478,-0.75,0.87,3.5301,2.2939,7.7935,1
5.088,44,-16,1478,1478,-0.75,0.87,3.5301,2.2939,7.7935,1
5.105,42,-16,1478,1478,-0.75,0.87,3.5301,2.2939,7.7935,1
5.123,40,-16,1478,1478,-0.44,0.91,3.5301,2.2939,7.7935,1
5.140,38,-16,1478,1478,-0.44,0.91,3.5301,2.2939,7.7935,1
5.157,36,-16,1478,1478,-0.44,0.91,3.5301,2.2939,7.7935,1
5.175,34,-16,1478,1478,-0.44,0.91,3.5301,2.2939,7.7935,1
5.193,32,-16,1478,1478,-0.44,0.91,1.8545,3.2278,5.7716,1
5.210,30,-16,1478,1478,-0.44,0.91,1.8545,3.2278,5.7716,1
5.228,28,-16,1478,1478,-0.44,0.91,1.8545,3.2278,5.7716,1
5.245,25,-16,1478,1478,-0.44,0.91,1.8545,3.2278,5.7716,1
5.263,23,-16,1478,1478,-0.44,0.91,1.8545,3.2278,5.7716,1
5.280,21,-16,1478,1478,-0.44,0.91,1.8545,3.2278,5.7716,1
5.297,19,-16,1478,1478,-0.44,0.91,1.8545,3.2278,5.7716,1
5.315,16,-16,1478,1478,-0.44,0.91,1.8545,3.2278,5.7716,1
5.332,14,-16,1478,1478,-0.44,0.91,1.8545,3.2278,5.7716,1
5.350,11,-16,1478,1478,-0.44,0.91,1.8545,3.2278,5.7716,1
5.367,8,-16,1478,1478,-0.44,0.91,1.8545,3.2278,5.7716,1
5.384,6,-15,1478,1500,-0.39,0.96,1.8545,3.2278,5.7716,1
5.402,3,-15,1478,1478,-0.39,0.96,1.8545,3.2278,5.7716,1
5.419,0,-16,1478,1478,-0.39,0.96,1.8545,3.2278,5.7716,1
5.437,-2,-16,1478,1478,-0.39,0.96,1.9155,3.4814,5.4626,1
5.455,-5,-16,1478,1478,-0.39,0.96,1.9155,3.4814,5.4626,1
5.472,-7,-16,1478,1478,-0.39,0.96,1.9155,3.4814,5.4626,1
5.490,-10,-16,1478,1478,-0.39,0.96,1.9155,3.4814,5.4626,1
5.508,-13,-15,1478,1500,-0.39,0.96,1.9155,3.4814,5.4626,1
5.525,-16,-15,1478,1478,-0.39,0.96,1.9155,3.4814,5.4626,1
5.542,-18,-15,1478,1478,-0.39,0.96,1.9155,3.4814,5.4626,1
5.560,-21,-15,1478,1478,-0.39,0.96,1.9155,3.4814,5.4626,1
5.577,-23,-15,1478,1478,-0.39,0.96,1.9155,3.4814,5.4626,1
5.594,-25,-15,1478,1478,-0.39,0.96,1.9155,3.4814,5.4626,1
5.613,-26,-15,1478,1478,-0.39,0.96,1.9155,3.4814,5.4626,1
5.630,-30,-15,1478,1478,-0.68,0.89,1.9155,3.4814,5.4626,1
5.648,-32,-15,1478,1478,-0.68,0.89,1.9155,3.4814,5.4626,1
5.665,-34,-15,1478,1478,-0.68,0.89,1.9155,3.4814,5.4626,1
5.682,-36,-15,1478,1478,-0.68,0.89,1.9155,3.4814,5.4626,1
5.699,-38,-15,1478,1478,-0.68,0.89,3.0621,2.8969,7.5249,1
5.717,-40,-16,1478,1478,-0.68,0.89,3.0621,2.8969,7.5249,1
5.734,-42,-15,1478,1478,-0.68,0.89,3.0621,2.8969,7.5249,1
5.751,-44,-15,1478,1478,-0.68,0.89,3.0621,2.8969,7.5249,1
5.768,-46,-15,1478,1478,-0.68,0.89,3.0621,2.8969,7.5249,1
5.786,-48,-15,1478,1478,-0.68,0.89,3.0621,2.8969,7.5249,1
5.803,-50,-15,1478,1478,-0.68,0.89,3.0621,2.8969,7.5249,1
5.820,-52,-14,1478,1500,-0.68,0.89,3.0621,2.8969,7.5249,1
5.837,-54,-15,1478,1478,-0.68,0.89,3.0621,2.8969,7.5249,1
5.854,-55,-14,1478,1500,-0.68,0.89,3.0621,2.8969,7.5249,1
5.871,-57,-15,1478,1478,-0.68,0.89,3.0621,2.8969,7.5249,1
5.888,-58,-15,1478,1478,-1.03,0.85,3.0621,2.8969,7.5249,1
5.906,-60,-14,1478,1500,-1.03,0.85,3.0621,2.8969,7.5249,1
5.923,-61,-14,1478,1478,-1.03,0.85,3.0621,2.8969,7.5249,0
5.940,-62,-14,1478,1478,-1.03,0.85,2.6070,3.1763,7.5159,0
5.958,-64,-14,1478,1478,-1.03,0.85,2.6070,3.1763,7.5159,0
5.976,-65,-14,1478,1478,-1.03,0.85,2.6070,3.1763,7.5159,0
5.994,-67,-14,1478,1478,-1.03,0.85,2.6070,3.1763,7.5159,0
6.011,-68,-14,1478,1478,-1.03,0.85,2.6070,3.1763,7.5159,0
6.028,-70,-14,1477,1478,-1.03,0.85,2.6070,3.1763,7.5159,0
6.046,-71,-14,1478,1478,-1.03,0.85,2.6070,3.1763,7.5159,0
6.063,-73,-14,1476,1478,-1.03,0.85,2.6070,3.1763,7.5159,0
6.080,-74,-14,1478,1478,-1.03,0.85,2.6070,3.1763,7.5159,0
6.097,-76,-14,1476,1478,-1.03,0.85,2.6070,3.1763,7.5159,0
6.115,-77,-14,1477,1478,-1.03,0.85,2.6070,3.1763,7.5159,0
6.132,-78,-14,1478,1478,-1.24,1.34,2.6070,3.1763,7.5159,0
6.150,-79,-14,1478,1478,-1.24,1.34,2.6070,3.1763,7.5159,0
6.168,-80,-14,1478,1478,-1.24,1.34,2.6070,3.1763,7.5159,0
6.185,-81,-14,1478,1478,-1.24,1.34,2.6070,3.1763,7.5159,0
6.203,-83,-14,1475,1478,-1.24,1.34,1.6028,3.1855,6.0312,0
6.220,-84,-13,1476,1500,-1.24,1.34,1.6028,3.1855,6.0312,0
6.237,-85,-13,1477,1478,-1.24,1.34,1.6028,3.1855,6.0312,0
6.254,-86,-13,1477,1478,-1.24,1.34,1.6028,3.1855,6.0312,0
6.272,-86,-13,1478,1478,-1.24,1.34,1.6028,3.1855,6.0312,0
6.289,-87,-13,1478,1478,-1.24,1.34,1.6028,3.1855,6.0312,0
6.306,-87,-13,1478,1478,-1.24,1.34,1.6028,3.1855,6.0312,0
6.323,-87,-13,1478,1478,-1.24,1.34,1.6028,3.1855,6.0312,0
6.341,-87,-13,1478,1478,-1.24,1.34,1.6028,3.1855,6.0312,0
6.359,-87,-13,1478,1478,-1.24,1.34,1.6028,3.1855,6.0312,0
6.376,-88,-13,1478,1478,-1.23,1.39,1.6028,3.1855,6.0312,0
6.393,-88,-13,1478,1478,-1.23,1.39,1.6028,3.1855,6.0312,0
6.410,-88,-13,1478,1478,-1.23,1.39,1.6028,3.1855,6.0312,0
6.428,-88,-13,1478,1478,-1.23,1.39,1.6028,3.1855,6.0312,0
6.445,-88,-13,1478,1478,-1.23,1.39,1.9160,2.9281,5.8471,0
6.462,-89,-13,1478,1478,-1.23,1.39,1.9160,2.9281,5.8471,0
6.479,-89,-13,1478,1478,-1.23,1.39,1.9160,2.9281,5.8471,0
6.497,-89,-13,1478,1478,-1.23,1.39,1.9160,2.9281,5.8471,0
6.514,-89,-13,1478,1478,-1.23,1.39,1.9160,2.9281,5.8471,0
6.531,-89,-13,1478,1478,-1.23,1.39,1.9160,2.9281,5.8471,0
6.548,-89,-13,1478,1478,-1.23,1.39,1.9160,2.9281,5.8471,0
6.567,-89,-13,1478,1478,-1.23,1.39,1.9160,2.9281,5.8471,0
6.584,-88,-13,1478,1478,-1.23,1.39,1.9160,2.9281,5.8471,0
6.601,-88,-13,1478,1478,-1.23,1.39,1.9160,2.9281,5.8471,0
6.618,-87,-13,1478,1478,-1.23,1.39,1.9160,2.9281,5.8471,0
6.638,-87,-13,1478,1478,-1.25,1.91,1.9160,2.9281,5.8471,0
6.656,-86,-13,1478,1478,-1.25,1.91,1.9160,2.9281,5.8471,0
6.673,-85,-13,1478,1478,-1.25,1.91,1.9160,2.9281,5.8471,0
6.692,-85,-13,1478,1478,-1.25,1.91,2.4597,2.7134,6.7134,0
6.709,-84,-13,1478,1478,-1.25,1.91,2.4597,2.7134,6.7134,0
6.726,-84,-13,1478,1478,-1.25,1.91,2.4597,2.7134,6.7134,0
6.743,-83,-13,1478,1478,-1.25,1.91,2.4597,2.7134,6.7134,0
6.760,-82,-13,1478,1478,-1.25,1.91,2.4597,2.7134,6.7134,0
6.777,-82,-13,1478,1478,-1.25,1.91,2.4597,2.7134,6.7134,0
6.797,-81,-13,1478,1478,-1.25,1.91,2.4597,2.7134,6.7134,0
6.814,-80,-13,1478,1478,-1.25,1.91,2.4597,2.7134,6.7134,0
6.832,-79,-13,1478,1478,-1.25,1.91,2.4597,2.7134,6.7134,0
6.849,-79,-13,1478,1478,-1.25,1.91,2.4597,2.7134,6.7134,0
6.867,-79,-13,1478,1478,-1.25,1.91,2.4597,2.7134,6.7134,0
6.884,-79,-13,1478,1478,-1.35,2.45,2.4597,2.7134,6.7134,0
6.902,-78,-13,1478,1478,-1.35,2.45,2.4597,2.7134,6.7134,0
6.919,-78,-13,1478,1478,-1.35,2.45,2.4597,2.7134,6.7134,0
6.936,-77,-13,1478,1478,-1.35,2.45,2.7652,2.6071,6.4978,0
6.954,-77,-12,1478,1500,-1.35,2.45,2.7652,2.6071,6.4978,0
6.971,-77,-12,1478,1478,-1.35,2.45,2.7652,2.6071,6.4978,0
6.988,-76,-12,1478,1478,-1.35,2.45,2.7652,2.6071,6.4978,0
7.005,-76,-12,1478,1478,-1.35,2.45,2.7652,2.6071,6.4978,0
7.022,-76,-12,1478,1478,-1.35,2.45,2.7652,2.6071,6.4978,0
7.039,-75,-12,1478,1478,-1.35,2.45,2.7652,2.6071,6.4978,0
7.056,-75,-12,1478,1478,-1.35,2.45,2.7652,2.6071,6.4978,0
7.074,-74,-13,1478,1478,-1.35,2.45,2.7652,2.6071,6.4978,0
7.091,-73,-12,1478,1478,-1.35,2.45,2.7652,2.6071,6.4978,0
7.108,-73,-12,1478,1478,-1.35,2.45,2.7652,2.6071,6.4978,0
7.126,-72,-12,1478,1478,-1.35,2.45,2.7652,2.6071,6.4978,0
7.144,-73,-12,1478,1478,-1.01,2.07,2.7652,2.6071,6.4978,0
7.161,-72,-12,1478,1478,-1.01,2.07,2.7652,2.6071,6.4978,0
7.178,-72,-12,1478,1478,-1.01,2.07,2.7652,2.6071,6.4978,0
7.195,-71,-12,1478,1478,-1.01,2.07,2.6077,2.6725,6.7207,0
7.212,-70,-12,1478,1478,-1.01,2.07,2.6077,2.6725,6.7207,0
7.231,-70,-12,1478,1478,-1.01,2.07,2.6077,2.6725,6.7207,0
7.249,-69,-12,1478,1478,-1.01,2.07,2.6077,2.6725,6.7207,0
7.266,-69,-12,1478,1478,-1.01,2.07,2.6077,2.6725,6.7207,0
7.283,-68,-12,1478,1478,-1.01,2.07,2.6077,2.6725,6.7207,0
7.300,-68,-12,1478,1478,-1.01,2.07,2.6077,2.6725,6.7207,0
7.317,-67,-11,1478,1500,-1.01,2.07,2.6077,2.6725,6.7207,0
7.335,-66,-11,1478,1500,-1.01,2.07,2.6077,2.6725,6.7207,0
7.353,-65,-11,1478,1478,-1.01,2.07,2.6077,2.6725,6.7207,0
7.370,-64,-11,1478,1478,-1.01,2.07,2.6077,2.6725,6.7207,0
7.387,-63,-11,1478,1478,-1.11,1.98,2.6077,2.6725,6.7207,0
7.404,-62,-11,1478,1478,-1.11,1.98,2.6077,2.6725,6.7207,0
7.421,-61,-11,1478,1478,-1.11,1.98,2.6077,2.6725,6.7207,0
7.439,-60,-11,1478,1478,-1.11,1.98,2.2240,2.7137,6.7993,1
7.457,-59,-11,1478,1478,-1.11,1.98,2.2240,2.7137,6.7993,1
7.475,-58,-11,1478,1478,-1.11,1.98,2.2240,2.7137,6.7993,1
7.492,-57,-11,1478,1478,-1.11,1.98,2.2240,2.7137,6.7993,1
7.510,-57,-11,1478,1478,-1.11,1.98,2.2240,2.7137,6.7993,1
7.527,-56,-10,1478,1500,-1.11,1.98,2.2240,2.7137,6.7993,1
7.544,-55,-10,1478,1500,-1.11,1.98,2.2240,2.7137,6.7993,1
7.561,-54,-10,1478,1478,-1.11,1.98,2.2240,2.7137,6.7993,1
7.581,-52,-10,1478,1478,-1.11,1.98,2.2240,2.7137,6.7993,1
7.598,-51,-10,1478,1478,-1.11,1.98,2.2240,2.7137,6.7993,1
7.616,-50,-10,1478,1478,-1.11,1.98,2.2240,2.7137,6.7993,1
7.633,-49,-10,1478,1478,-1.18,1.96,2.2240,2.7137,6.7993,1
7.650,-48,-10,1478,1478,-1.18,1.96,2.2240,2.7137,6.7993,1
7.669,-47,-10,1478,1478,-1.18,1.96,2.2240,2.7137,6.7993,1
7.686,-47,-10,1478,1478,-1.18,1.96,2.6450,3.2596,7.3056,1
7.703,-47,-10,1478,1478,-1.18,1.96,2.6450,3.2596,7.3056,1
7.721,-47,-10,1478,1478,-1.18,1.96,2.6450,3.2596,7.3056,1
7.738,-47,-10,1478,1478,-1.18,1.96,2.6450,3.2596,7.3056,1
7.756,-47,-10,1478,1478,-1.18,1.96,2.6450,3.2596,7.3056,1
7.774,-47,-10,1478,1478,-1.18,1.96,2.6450,3.2596,7.3056,1
7.792,-47,-10,1478,1478,-1.18,1.96,2.6450,3.2596,7.3056,1
7.809,-47,-9,1478,1500,-1.18,1.96,2.6450,3.2596,7.3056,1
7.826,-48,-10,1478,1478,-1.18,1.96,2.6450,3.2596,7.3056,1
7.844,-48,-9,1478,1500,-1.18,1.96,2.6450,3.2596,7.3056,1
7.861,-49,-9,1478,1500,-1.18,1.96,2.6450,3.2596,7.3056,1
7.880,-49,-9,1478,1478,-1.04,2.25,2.6450,3.2596,7.3056,1
7.897,-50,-9,1478,1478,-1.04,2.25,2.6450,3.2596,7.3056,1
7.914,-50,-9,1478,1478,-1.04,2.25,2.6450,3.2596,7.3056,1
7.931,-51,-9,1478,1478,-1.04,2.25,2.6450,3.2596,7.3056,1
7.950,-52,-9,1478,1478,-1.04,2.25,2.8144,3.6168,6.8393,1
7.969,-52,-9,1478,1478,-1.04,2.25,2.8144,3.6168,6.8393,1
7.986,-54,-9,1478,1478,-1.04,2.25,2.8144,3.6168,6.8393,1
8.003,-55,-8,1478,1522,-1.04,2.25,2.8144,3.6168,6.8393,1
8.021,-55,-8,1478,1500,-1.04,2.25,2.8144,3.6168,6.8393,1
8.038,-56,-8,1478,1478,-1.04,2.25,2.8144,3.6168,6.8393,1
8.055,-57,-8,1478,1478,-1.04,2.25,2.8144,3.6168,6.8393,1
8.073,-58,-8,1478,1478,-1.04,2.25,2.8144,3.6168,6.8393,1
8.090,-59,-8,1478,1478,-1.04,2.25,2.8144,3.6168,6.8393,1
8.107,-60,-8,1478,1478,-1.04,2.25,2.8144,3.6168,6.8393,1
8.124,-61,-8,1478,1478,-0.31,2.00,2.8144,3.6168,6.8393,0
8.142,-62,-8,1478,1478,-0.31,2.00,2.8144,3.6168,6.8393,0
8.160,-63,-8,1478,1478,-0.31,2.00,2.8144,3.6168,6.8393,0
8.177,-64,-8,1478,1478,-0.31,2.00,2.8144,3.6168,6.8393,0
8.195,-65,-8,1478,1478,-0.31,2.00,2.3812,2.1971,7.3516,0
8.212,-67,-7,1478,1522,-0.31,2.00,2.3812,2.1971,7.3516,0
8.229,-68,-7,1478,1500,-0.31,2.00,2.3812,2.1971,7.3516,0
8.247,-69,-7,1478,1500,-0.31,2.00,2.3812,2.1971,7.3516,0
8.264,-70,-7,1478,1478,-0.31,2.00,2.3812,2.1971,7.3516,0
8.282,-71,-7,1478,1478,-0.31,2.00,2.3812,2.1971,7.3516,0
8.302,-71,-7,1478,1478,-0.31,2.00,2.3812,2.1971,7.3516,0
8.319,-72,-7,1478,1478,-0.31,2.00,2.3812,2.1971,7.3516,0
8.336,-73,-7,1478,1478,-0.31,2.00,2.3812,2.1971,7.3516,0
8.353,-74,-7,1478,1478,-0.31,2.00,2.3812,2.1971,7.3516,0
8.370,-75,-6,1478,1522,0.34,2.15,2.3812,2.1971,7.3516,0
8.388,-76,-6,1478,1500,0.34,2.15,2.3812,2.1971,7.3516,0
8.405,-76,-6,1478,1500,0.34,2.15,2.3812,2.1971,7.3516,0
8.422,-77,-6,1478,1478,0.34,2.15,2.3812,2.1971,7.3516,0
8.439,-77,-6,1478,1478,0.34,2.15,2.6717,1.9535,6.6939,0
8.457,-77,-6,1478,1478,0.34,2.15,2.6717,1.9535,6.6939,0
8.475,-77,-6,1478,1478,0.34,2.15,2.6717,1.9535,6.6939,0
8.492,-77,-5,1478,1522,0.34,2.15,2.6717,1.9535,6.6939,0
8.510,-78,-5,1478,1500,0.34,2.15,2.6717,1.9535,6.6939,0
8.528,-78,-6,1478,1478,0.34,2.15,2.6717,1.9535,6.6939,0
8.545,-79,-5,1478,1500,0.34,2.15,2.6717,1.9535,6.6939,0
8.562,-79,-5,1478,1500,0.34,2.15,2.6717,1.9535,6.6939,0
8.579,-79,-5,1478,1500,0.34,2.15,2.6717,1.9535,6.6939,0
8.596,-79,-5,1478,1500,0.34,2.15,2.6717,1.9535,6.6939,0
8.614,-80,-5,1478,1478,0.34,2.15,2.6717,1.9535,6.6939,0
8.631,-80,-5,1478,1478,0.30,2.10,2.6717,1.9535,6.6939,0
8.648,-81,-4,1478,1522,0.30,2.10,2.6717,1.9535,6.6939,0
8.665,-83,-4,1476,1500,0.30,2.10,2.6717,1.9535,6.6939,0
8.682,-84,-4,1477,1500,0.30,2.10,2.8551,2.1726,5.7846,0
8.700,-85,-4,1477,1500,0.30,2.10,2.8551,2.1726,5.7846,0
8.717,-86,-4,1477,1500,0.30,2.10,2.8551,2.1726,5.7846,0
8.734,-87,-3,1477,1522,0.30,2.10,2.8551,2.1726,5.7846,0
8.751,-88,-3,1477,1500,0.30,2.10,2.8551,2.1726,5.7846,0
8.769,-89,-3,1477,1500,0.30,2.10,2.8551,2.1726,5.7846,0
8.786,-91,-3,1473,1500,0.30,2.10,2.8551,2.1726,5.7846,0
8.803,-92,-3,1475,1500,0.30,2.10,2.8551,2.1726,5.7846,0
8.821,-93,-3,1475,1500,0.30,2.10,2.8551,2.1726,5.7846,0
8.838,-95,-3,1472,1500,0.30,2.10,2.8551,2.1726,5.7846,0
8.855,-95,-3,1477,1500,0.30,2.10,2.8551,2.1726,5.7846,0
8.873,-97,-2,1473,1522,-0.12,1.80,2.8551,2.1726,5.7846,0
8.891,-97,-2,1477,1500,-0.12,1.80,2.8551,2.1726,5.7846,0
8.908,-98,-2,1476,1500,-0.12,1.80,2.8551,2.1726,5.7846,0
8.925,-99,-2,1475,1500,-0.12,1.80,2.8551,2.1726,5.7846,0
8.942,-101,-1,1472,1522,-0.12,1.80,2.9578,2.3910,7.7642,0
8.959,-102,-1,1473,1522,-0.12,1.80,2.9578,2.3910,7.7642,0
8.976,-102,-1,1476,1500,-0.12,1.80,2.9578,2.3910,7.7642,0
8.993,-104,-1,1472,1500,-0.12,1.80,2.9578,2.3910,7.7642,0
9.010,-104,-1,1476,1500,-0.12,1.80,2.9578,2.3910,7.7642,0
9.030,-105,-1,1475,1500,-0.12,1.80,2.9578,2.3910,7.7642,0
9.047,-106,0,1474,1522,-0.12,1.80,2.9578,2.3910,7.7642,0
9.065,-107,0,1473,1522,-0.12,1.80,2.9578,2.3910,7.7642,0
9.082,-108,0,1473,1500,-0.12,1.80,2.9578,2.3910,7.7642,0
9.102,-108,0,1476,1500,-0.12,1.80,2.9578,2.3910,7.7642,0
9.119,-108,0,1477,1500,-1.31,1.69,2.9578,2.3910,7.7642,0
9.136,-108,0,1478,1500,-1.31,1.69,2.9578,2.3910,7.7642,0
9.154,-107,0,1478,1500,-1.31,1.69,2.9578,2.3910,7.7642,0
9.171,-107,1,1478,1522,-1.31,1.69,2.9578,2.3910,7.7642,0
9.188,-106,1,1478,1522,-1.31,1.69,2.1629,3.2737,6.4464,0
9.205,-106,1,1478,1500,-1.31,1.69,2.1629,3.2737,6.4464,0
9.223,-106,1,1478,1500,-1.31,1.69,2.1629,3.2737,6.4464,0
9.240,-106,1,1478,1500,-1.31,1.69,2.1629,3.2737,6.4464,0
9.257,-106,1,1478,1500,-1.31,1.69,2.1629,3.2737,6.4464,0
9.274,-106,1,1478,1500,-1.31,1.69,2.1629,3.2737,6.4464,0
9.291,-106,1,1478,1500,-1.31,1.69,2.1629,3.2737,6.4464,0
9.308,-107,1,1476,1500,-1.31,1.69,2.1629,3.2737,6.4464,0
9.326,-107,1,1478,1500,-1.31,1.69,2.1629,3.2737,6.4464,0
9.343,-107,1,1478,1500,-1.31,1.69,2.1629,3.2737,6.4464,0
9.362,-107,1,1478,1500,-1.31,1.69,2.1629,3.2737,6.4464,0
9.379,-107,1,1478,1500,-1.71,1.55,2.1629,3.2737,6.4464,0
9.396,-107,1,1478,1500,-1.71,1.55,2.1629,3.2737,6.4464,0
9.414,-106,1,1478,1500,-1.71,1.55,2.1629,3.2737,6.4464,0
9.431,-105,1,1478,1500,-1.71,1.55,2.1629,3.2737,6.4464,0
9.448,-104,1,1478,1500,-1.71,1.55,2.1427,3.1940,6.6906,0
9.466,-104,2,1478,1522,-1.71,1.55,2.1427,3.1940,6.6906,0
9.483,-104,2,1478,1522,-1.71,1.55,2.1427,3.1940,6.6906,0
9.501,-104,2,1478,1500,-1.71,1.55,2.1427,3.1940,6.6906,0
9.518,-104,2,1478,1500,-1.71,1.55,2.1427,3.1940,6.6906,0
9.536,-103,1,1478,1478,-1.71,1.55,2.1427,3.1940,6.6906,0
9.554,-102,2,1478,1522,-1.71,1.55,2.1427,3.1940,6.6906,0
9.573,-101,2,1478,1500,-1.71,1.55,2.1427,3.1940,6.6906,0
9.590,-101,2,1478,1500,-1.71,1.55,2.1427,3.1940,6.6906,0
9.607,-102,2,1478,1500,-1.71,1.55,2.1427,3.1940,6.6906,0
9.625,-102,2,1478,1500,-1.71,1.55,2.1427,3.1940,6.6906,0
9.642,-102,2,1478,1500,-1.47,1.88,2.1427,3.1940,6.6906,0
9.659,-102,2,1478,1500,-1.47,1.88,2.1427,3.1940,6.6906,0
9.676,-103,2,1477,1500,-1.47,1.88,2.1427,3.1940,6.6906,0
9.694,-102,2,1478,1500,-1.47,1.88,1.8079,3.4037,6.9187,0
9.711,-103,2,1478,1500,-1.47,1.88,1.8079,3.4037,6.9187,0
9.730,-103,2,1478,1500,-1.47,1.88,1.8079,3.4037,6.9187,0
9.747,-103,2,1478,1500,-1.47,1.88,1.8079,3.4037,6.9187,0
9.764,-104,2,1476,1500,-1.47,1.88,1.8079,3.4037,6.9187,0
9.783,-103,2,1478,1500,-1.47,1.88,1.8079,3.4037,6.9187,0
9.800,-103,2,1478,1500,-1.47,1.88,1.8079,3.4037,6.9187,0
9.818,-102,2,1478,1500,-1.47,1.88,1.8079,3.4037,6.9187,0
9.835,-101,2,1478,1500,-1.47,1.88,1.8079,3.4037,6.9187,0
9.852,-99,3,1478,1522,-1.47,1.88,1.8079,3.4037,6.9187,0
9.869,-97,2,1478,1478,-1.47,1.88,1.8079,3.4037,6.9187,0
9.888,-96,2,1478,1500,-1.28,2.20,1.8079,3.4037,6.9187,0
9.905,-94,2,1478,1500,-1.28,2.20,1.8079,3.4037,6.9187,0
9.924,-92,3,1478,1522,-1.28,2.20,1.8079,3.4037,6.9187,0
9.941,-90,3,1478,1522,-1.28,2.20,2.1511,3.3119,7.3602,0
9.958,-87,3,1478,1522,-1.28,2.20,2.1511,3.3119,7.3602,0
9.976,-83,3,1522,1500,-1.28,2.20,2.1511,3.3119,7.3602,0
9.994,-80,3,1522,1500,-1.28,2.20,2.1511,3.3119,7.3602,0
10.011,-76,3,1522,1500,-1.28,2.20,2.1511,3.3119,7.3602,0
10.029,-72,3,1522,1500,-1.28,2.20,2.1511,3.3119,7.3602,0
10.046,-65,3,1522,1500,-1.28,2.20,2.1511,3.3119,7.3602,0
10.063,-62,3,1522,1500,-1.28,2.20,2.1511,3.3119,7.3602,0
10.081,-58,2,1522,1478,-1.28,2.20,2.1511,3.3119,7.3602,1
10.098,-55,3,1522,1522,-1.28,2.20,2.1511,3.3119,7.3602,1
10.115,-51,3,1522,1522,-1.28,2.20,2.1511,3.3119,7.3602,1
10.132,-48,3,1522,1500,-0.72,2.21,2.1511,3.3119,7.3602,1
10.149,-44,3,1522,1500,-0.72,2.21,2.1511,3.3119,7.3602,1
10.166,-41,3,1522,1500,-0.72,2.21,2.1511,3.3119,7.3602,1
10.184,-37,3,1522,1500,-0.72,2.21,1.9583,2.8906,6.3277,1
10.201,-33,3,1522,1500,-0.72,2.21,1.9583,2.8906,6.3277,1
10.218,-30,2,1522,1478,-0.72,2.21,1.9583,2.8906,6.3277,1
10.236,-26,3,1522,1522,-0.72,2.21,1.9583,2.8906,6.3277,1
10.254,-22,3,1522,1522,-0.72,2.21,1.9583,2.8906,6.3277,1
10.271,-18,3,1522,1500,-0.72,2.21,1.9583,2.8906,6.3277,1
10.288,-15,3,1522,1500,-0.72,2.21,1.9583,2.8906,6.3277,1
10.305,-9,2,1525,1478,-0.72,2.21,1.9583,2.8906,6.3277,1
10.322,-6,2,1522,1478,-0.72,2.21,1.9583,2.8906,6.3277,1
10.340,-3,2,1522,1500,-0.72,2.21,1.9583,2.8906,6.3277,1
10.357,0,2,1522,1500,-0.72,2.21,1.9583,2.8906,6.3277,1
10.376,2,3,1522,1522,-0.77,2.10,1.9583,2.8906,6.3277,1
10.393,5,3,1522,1522,-0.77,2.10,1.9583,2.8906,6.3277,1
10.410,7,3,1522,1522,-0.77,2.10,1.9583,2.8906,6.3277,1
10.427,9,3,1522,1500,-0.77,2.10,1.9583,2.8906,6.3277,1
10.444,11,2,1522,1478,-0.77,2.10,2.1634,3.1229,6.5551,1
10.462,13,2,1522,1478,-0.77,2.10,2.1634,3.1229,6.5551,1
10.479,15,2,1522,1500,-0.77,2.10,2.1634,3.1229,6.5551,1
10.498,16,2,1522,1500,-0.77,2.10,2.1634,3.1229,6.5551,1
10.515,17,2,1522,1500,-0.77,2.10,2.1634,3.1229,6.5551,1
10.532,19,2,1522,1500,-0.77,2.10,2.1634,3.1229,6.5551,1
10.549,20,2,1522,1500,-0.77,2.10,2.1634,3.1229,6.5551,1
10.567,20,2,1522,1500,-0.77,2.10,2.1634,3.1229,6.5551,1
10.584,21,2,1522,1500,-0.77,2.10,2.1634,3.1229,6.5551,1
10.602,21,2,1522,1500,-0.77,2.10,2.1634,3.1229,6.5551,1
10.620,21,2,1522,1500,-0.77,2.10,2.1634,3.1229,6.5551,1
10.638,21,2,1522,1500,-0.77,1.82,2.1634,3.1229,6.5551,1
10.655,20,2,1522,1500,-0.77,1.82,2.1634,3.1229,6.5551,1
10.672,20,2,1522,1500,-0.77,1.82,2.1634,3.1229,6.5551,1
10.690,19,2,1500,1500,-0.77,1.82,2.7219,2.5990,7.4621,1
10.710,18,2,1500,1500,-0.77,1.82,2.7219,2.5990,7.4621,1
10.727,17,2,1478,1500,-0.77,1.82,2.7219,2.5990,7.4621,1
10.744,16,2,1478,1500,-0.77,1.82,2.7219,2.5990,7.4621,1
10.761,15,2,1478,1500,-0.77,1.82,2.7219,2.5990,7.4621,1
10.778,14,2,1478,1500,-0.77,1.82,2.7219,2.5990,7.4621,1
10.796,13,2,1478,1500,-0.77,1.82,2.7219,2.5990,7.4621,1
10.813,11,1,1478,1478,-0.77,1.82,2.7219,2.5990,7.4621,1
10.830,10,1,1478,1478,-0.77,1.82,2.7219,2.5990,7.4621,1
10.847,8,1,1478,1500,-0.77,1.82,2.7219,2.5990,7.4621,1
10.864,6,1,1478,1500,-0.77,1.82,2.7219,2.5990,7.4621,1
10.882,3,1,1478,1500,-0.86,1.42,2.7219,2.5990,7.4621,1
10.899,1,1,1478,1500,-0.86,1.42,2.7219,2.5990,7.4621,1
10.916,-4,1,1478,1500,-0.86,1.42,2.7219,2.5990,7.4621,1
10.933,-6,1,1478,1500,-0.86,1.42,2.0475,2.9161,6.9798,1
10.951,-9,1,1478,1500,-0.86,1.42,2.0475,2.9161,6.9798,1
10.968,-11,1,1478,1500,-0.86,1.42,2.0475,2.9161,6.9798,1
10.986,-14,1,1478,1500,-0.86,1.42,2.0475,2.9161,6.9798,1
11.003,-16,0,1478,1478,-0.86,1.42,2.0475,2.9161,6.9798,1
11.020,-19,0,1478,1478,-0.86,1.42,2.0475,2.9161,6.9798,1
11.038,-21,0,1478,1500,-0.86,1.42,2.0475,2.9161,6.9798,1
11.055,-24,0,1478,1500,-0.86,1.42,2.0475,2.9161,6.9798,1
11.072,-27,0,1478,1500,-0.86,1.42,2.0475,2.9161,6.9798,1
11.090,-32,0,1472,1500,-0.86,1.42,2.0475,2.9161,6.9798,1
11.107,-35,0,1473,1500,-0.86,1.42,2.0475,2.9161,6.9798,1
11.124,-38,0,1474,1500,-1.05,1.35,2.0475,2.9161,6.9798,1
11.141,-41,0,1474,1500,-1.05,1.35,2.0475,2.9161,6.9798,1
11.158,-43,0,1477,1500,-1.05,1.35,2.0475,2.9161,6.9798,1
11.175,-46,0,1475,1500,-1.05,1.35,2.0475,2.9161,6.9798,1
11.192,-48,0,1477,1500,-1.05,1.35,2.0364,2.6296,7.1910,1
11.209,-50,0,1477,1500,-1.05,1.35,2.0364,2.6296,7.1910,1
11.227,-52,-1,1478,1478,-1.05,1.35,2.0364,2.6296,7.1910,1
11.245,-54,-1,1478,1478,-1.05,1.35,2.0364,2.6296,7.1910,1
11.262,-56,-1,1477,1478,-1.05,1.35,2.0364,2.6296,7.1910,1
11.280,-58,-1,1477,1500,-1.05,1.35,2.0364,2.6296,7.1910,1
11.297,-60,-1,1477,1500,-1.05,1.35,2.0364,2.6296,7.1910,1
11.314,-61,-1,1478,1500,-1.05,1.35,2.0364,2.6296,7.1910,0
11.331,-65,-1,1471,1500,-1.05,1.35,2.0364,2.6296,7.1910,0
11.348,-66,-1,1476,1500,-1.05,1.35,2.0364,2.6296,7.1910,0
11.367,-67,-1,1478,1500,-1.05,1.35,2.0364,2.6296,7.1910,0
11.384,-68,-1,1478,1500,-1.04,1.37,2.0364,2.6296,7.1910,0
11.401,-69,-1,1478,1500,-1.04,1.37,2.0364,2.6296,7.1910,0
11.419,-70,-1,1478,1500,-1.04,1.37,2.0364,2.6296,7.1910,0
11.436,-70,-1,1478,1500,-1.04,1.37,1.9583,2.6693,6.9041,0
11.454,-71,-1,1478,1500,-1.04,1.37,1.9583,2.6693,6.9041,0
11.471,-71,-1,1478,1500,-1.04,1.37,1.9583,2.6693,6.9041,0
11.490,-72,-1,1478,1500,-1.04,1.37,1.9583,2.6693,6.9041,0
11.507,-72,-2,1478,1478,-1.04,1.37,1.9583,2.6693,6.9041,0
11.524,-72,-2,1478,1478,-1.04,1.37,1.9583,2.6693,6.9041,0
11.541,-72,-2,1478,1478,-1.04,1.37,1.9583,2.6693,6.9041,0
11.559,-73,-2,1478,1500,-1.04,1.37,1.9583,2.6693,6.9041,0
11.576,-73,-2,1478,1500,-1.04,1.37,1.9583,2.6693,6.9041,0
11.593,-73,-2,1478,1500,-1.04,1.37,1.9583,2.6693,6.9041,0
11.611,-72,-2,1478,1500,-1.04,1.37,1.9583,2.6693,6.9041,0
11.628,-72,-2,1478,1500,-0.72,1.42,1.9583,2.6693,6.9041,0
11.645,-72,-2,1478,1500,-0.72,1.42,1.9583,2.6693,6.9041,0
11.663,-71,-2,1478,1500,-0.72,1.42,1.9583,2.6693,6.9041,0
11.681,-70,-2,1478,1500,-0.72,1.42,1.7127,2.4848,6.7739,0
11.699,-69,-2,1478,1500,-0.72,1.42,1.7127,2.4848,6.7739,0
11.716,-69,-2,1478,1500,-0.72,1.42,1.7127,2.4848,6.7739,0
11.733,-68,-2,1478,1500,-0.72,1.42,1.7127,2.4848,6.7739,0
11.750,-67,-2,1478,1500,-0.72,1.42,1.7127,2.4848,6.7739,0
11.767,-66,-2,1478,1500,-0.72,1.42,1.7127,2.4848,6.7739,0
11.784,-65,-2,1478,1500,-0.72,1.42,1.7127,2.4848,6.7739,0
11.803,-64,-3,1478,1478,-0.72,1.42,1.7127,2.4848,6.7739,0
11.820,-63,-2,1478,1500,-0.72,1.42,1.7127,2.4848,6.7739,0
11.838,-61,-2,1478,1500,-0.72,1.42,1.7127,2.4848,6.7739,0
11.857,-61,-2,1478,1500,-0.72,1.42,1.7127,2.4848,6.7739,0
11.874,-60,-2,1478,1500,-0.34,1.21,1.7127,2.4848,6.7739,1
11.891,-60,-2,1478,1500,-0.34,1.21,1.7127,2.4848,6.7739,1
11.910,-60,-2,1478,1500,-0.34,1.21,1.7127,2.4848,6.7739,1
11.927,-59,-2,1478,1500,-0.34,1.21,1.7127,2.4848,6.7739,1
11.944,-59,-2,1478,1500,-0.34,1.21,2.4995,1.6984,8.3060,1
11.961,-58,-2,1478,1500,-0.34,1.21,2.4995,1.6984,8.3060,1
11.978,-58,-2,1478,1500,-0.34,1.21,2.4995,1.6984,8.3060,1
11.996,-58,-2,1478,1500,-0.34,1.21,2.4995,1.6984,8.3060,1
12.013,-57,-2,1478,1500,-0.34,1.21,2.4995,1.6984,8.3060,1
12.030,-56,-2,1478,1500,-0.34,1.21,2.4995,1.6984,8.3060,1
12.048,-54,-3,1478,1478,-0.34,1.21,2.4995,1.6984,8.3060,1
12.065,-53,-3,1478,1478,-0.34,1.21,2.4995,1.6984,8.3060,1
12.083,-51,-2,1478,1522,-0.34,1.21,2.4995,1.6984,8.3060,1
12.100,-49,-2,1500,1500,-0.34,1.21,2.4995,1.6984,8.3060,1
12.117,-48,-2,1478,1500,-0.07,1.40,2.4995,1.6984,8.3060,1
12.137,-45,-2,1522,1500,-0.07,1.40,2.4995,1.6984,8.3060,1
12.156,-43,-2,1522,1500,-0.07,1.40,2.4995,1.6984,8.3060,1
12.174,-41,-2,1522,1500,-0.07,1.40,2.4995,1.6984,8.3060,1
12.192,-39,-2,1522,1500,-0.07,1.40,2.5753,2.4719,7.0902,1
12.210,-37,-2,1522,1500,-0.07,1.40,2.5753,2.4719,7.0902,1
12.227,-36,-2,1522,1500,-0.07,1.40,2.5753,2.4719,7.0902,1
12.245,-34,-3,1522,1478,-0.07,1.40,2.5753,2.4719,7.0902,1
12.262,-32,-3,1522,1478,-0.07,1.40,2.5753,2.4719,7.0902,1
12.279,-29,-3,1522,1478,-0.07,1.40,2.5753,2.4719,7.0902,1
12.296,-27,-3,1522,1478,-0.07,1.40,2.5753,2.4719,7.0902,1
12.314,-25,-3,1522,1500,-0.07,1.40,2.5753,2.4719,7.0902,1
12.331,-23,-3,1522,1500,-0.07,1.40,2.5753,2.4719,7.0902,1
12.349,-21,-3,1522,1500,-0.07,1.40,2.5753,2.4719,7.0902,1
12.366,-18,-3,1522,1500,0.12,0.75,2.5753,2.4719,7.0902,1
12.383,-16,-3,1522,1500,0.12,0.75,2.5753,2.4719,7.0902,1
12.400,-14,-3,1522,1500,0.12,0.75,2.5753,2.4719,7.0902,1
12.418,-12,-3,1522,1500,0.12,0.75,2.5753,2.4719,7.0902,1
12.435,-10,-3,1522,1500,0.12,0.75,2.3955,2.5709,6.7968,1
12.452,-8,-3,1522,1500,0.12,0.75,2.3955,2.5709,6.7968,1
12.469,-6,-3,1522,1500,0.12,0.75,2.3955,2.5709,6.7968,1
12.486,-4,-3,1522,1500,0.12,0.75,2.3955,2.5709,6.7968,1
12.504,-2,-3,1522,1500,0.12,0.75,2.3955,2.5709,6.7968,1
12.523,2,-3,1522,1500,0.12,0.75,2.3955,2.5709,6.7968,1
12.542,4,-3,1522,1500,0.12,0.75,2.3955,2.5709,6.7968,1
12.559,6,-4,1522,1478,0.12,0.75,2.3955,2.5709,6.7968,1
12.576,8,-4,1522,1478,0.12,0.75,2.3955,2.5709,6.7968,1
12.594,10,-4,1522,1478,0.12,0.75,2.3955,2.5709,6.7968,1
12.611,12,-4,1522,1478,0.12,0.75,2.3955,2.5709,6.7968,1
12.628,13,-4,1522,1478,0.31,0.26,2.3955,2.5709,6.7968,1
12.645,15,-4,1522,1478,0.31,0.26,2.3955,2.5709,6.7968,1
12.662,16,-4,1522,1478,0.31,0.26,2.3955,2.5709,6.7968,1
12.680,17,-4,1522,1478,0.31,0.26,2.3955,2.5709,6.7968,1
12.697,19,-4,1522,1478,0.31,0.26,2.9783,2.2625,6.9303,1
12.714,21,-4,1522,1478,0.31,0.26,2.9783,2.2625,6.9303,1
12.732,24,-4,1522,1478,0.31,0.26,2.9783,2.2625,6.9303,1
12.749,25,-5,1522,1478,0.31,0.26,2.9783,2.2625,6.9303,1
12.766,25,-5,1522,1478,0.31,0.26,2.9783,2.2625,6.9303,1
12.783,28,-4,1522,1522,0.31,0.26,2.9783,2.2625,6.9303,1
12.802,30,-4,1522,1500,0.31,0.26,2.9783,2.2625,6.9303,1
12.820,32,-5,1522,1478,0.31,0.26,2.9783,2.2625,6.9303,1
12.837,34,-5,1522,1478,0.31,0.26,2.9783,2.2625,6.9303,1
12.854,35,-5,1522,1478,0.31,0.26,2.9783,2.2625,6.9303,1
12.873,35,-5,1522,1478,0.78,-0.60,2.9783,2.2625,6.9303,1
12.890,39,-5,1522,1478,0.78,-0.60,2.9783,2.2625,6.9303,1
12.907,40,-5,1522,1478,0.78,-0.60,2.9783,2.2625,6.9303,1
12.924,41,-5,1522,1478,0.78,-0.60,2.9783,2.2625,6.9303,1
12.941,42,-5,1522,1478,0.78,-0.60,2.9836,2.7161,6.1227,1
12.959,43,-6,1522,1478,0.78,-0.60,2.9836,2.7161,6.1227,1
12.976,43,-6,1522,1478,0.78,-0.60,2.9836,2.7161,6.1227,1
12.993,44,-6,1522,1478,0.78,-0.60,2.9836,2.7161,6.1227,1
13.010,44,-6,1522,1478,0.78,-0.60,2.9836,2.7161,6.1227,1
13.030,44,-6,1522,1478,0.78,-0.60,2.9836,2.7161,6.1227,1
13.047,44,-6,1522,1478,0.78,-0.60,2.9836,2.7161,6.1227,1
13.064,44,-6,1522,1478,0.78,-0.60,2.9836,2.7161,6.1227,1
13.081,45,-6,1522,1478,0.78,-0.60,2.9836,2.7161,6.1227,1
13.099,45,-6,1522,1478,0.78,-0.60,2.9836,2.7161,6.1227,1
13.116,46,-6,1522,1478,0.78,-0.60,2.9836,2.7161,6.1227,1
13.133,46,-6,1522,1478,0.95,-0.58,2.9836,2.7161,6.1227,1
13.150,47,-6,1522,1478,0.95,-0.58,2.9836,2.7161,6.1227,1
13.168,47,-6,1522,1478,0.95,-0.58,2.9836,2.7161,6.1227,1
13.185,48,-6,1522,1478,0.95,-0.58,2.4940,3.2852,5.5219,1
13.203,49,-7,1522,1478,0.95,-0.58,2.4940,3.2852,5.5219,1
13.220,50,-7,1522,1478,0.95,-0.58,2.4940,3.2852,5.5219,1
13.238,51,-7,1522,1478,0.95,-0.58,2.4940,3.2852,5.5219,1
13.255,52,-7,1522,1478,0.95,-0.58,2.4940,3.2852,5.5219,1
13.272,53,-7,1522,1478,0.95,-0.58,2.4940,3.2852,5.5219,1
13.289,54,-7,1522,1478,0.95,-0.58,2.4940,3.2852,5.5219,1
13.306,55,-7,1522,1478,0.95,-0.58,2.4940,3.2852,5.5219,1
13.323,56,-8,1522,1478,0.95,-0.58,2.4940,3.2852,5.5219,1
13.340,56,-8,1522,1478,0.95,-0.58,2.4940,3.2852,5.5219,1
13.358,57,-8,1522,1478,0.95,-0.58,2.4940,3.2852,5.5219,1
13.375,58,-8,1522,1478,0.86,-0.47,2.4940,3.2852,5.5219,1
13.395,59,-7,1522,1500,0.86,-0.47,2.4940,3.2852,5.5219,1
13.412,60,-8,1522,1478,0.86,-0.47,2.4940,3.2852,5.5219,1
13.429,60,-8,1522,1478,0.86,-0.47,2.4940,3.2852,5.5219,1
13.447,61,-8,1522,1478,0.86,-0.47,4.4314,2.2436,7.3453,0
13.464,61,-8,1522,1478,0.86,-0.47,4.4314,2.2436,7.3453,0
13.482,62,-8,1522,1478,0.86,-0.47,4.4314,2.2436,7.3453,0
13.500,62,-8,1522,1478,0.86,-0.47,4.4314,2.2436,7.3453,0
13.517,62,-8,1522,1478,0.86,-0.47,4.4314,2.2436,7.3453,0
13.535,62,-8,1522,1478,0.86,-0.47,4.4314,2.2436,7.3453,0
13.554,62,-8,1522,1478,0.86,-0.47,4.4314,2.2436,7.3453,0
13.571,63,-9,1522,1478,0.86,-0.47,4.4314,2.2436,7.3453,0
13.588,63,-9,1522,1478,0.86,-0.47,4.4314,2.2436,7.3453,0
13.605,63,-8,1522,1500,0.86,-0.47,4.4314,2.2436,7.3453,0
13.623,64,-8,1522,1500,0.63,-0.77,4.4314,2.2436,7.3453,0
13.640,65,-9,1522,1478,0.63,-0.77,4.4314,2.2436,7.3453,0
13.659,66,-9,1522,1478,0.63,-0.77,4.4314,2.2436,7.3453,0
13.676,67,-9,1522,1478,0.63,-0.77,4.4314,2.2436,7.3453,0
13.693,68,-9,1522,1478,0.63,-0.77,2.9897,2.8244,4.8717,0
13.711,69,-9,1522,1478,0.63,-0.77,2.9897,2.8244,4.8717,0
13.728,70,-9,1522,1478,0.63,-0.77,2.9897,2.8244,4.8717,0
13.745,72,-9,1523,1478,0.63,-0.77,2.9897,2.8244,4.8717,0
13.763,73,-9,1522,1478,0.63,-0.77,2.9897,2.8244,4.8717,0
13.780,75,-9,1524,1478,0.63,-0.77,2.9897,2.8244,4.8717,0
13.797,76,-9,1522,1478,0.63,-0.77,2.9897,2.8244,4.8717,0
13.814,78,-9,1525,1478,0.63,-0.77,2.9897,2.8244,4.8717,0
13.831,79,-9,1523,1478,0.63,-0.77,2.9897,2.8244,4.8717,0
13.848,81,-10,1526,1478,0.63,-0.77,2.9897,2.8244,4.8717,0
13.865,83,-10,1527,1478,0.63,-0.77,2.9897,2.8244,4.8717,0
13.883,85,-10,1528,1478,0.25,-0.49,2.9897,2.8244,4.8717,0
13.900,88,-10,1531,1478,0.25,-0.49,2.9897,2.8244,4.8717,0
13.918,90,-10,1530,1478,0.25,-0.49,2.9897,2.8244,4.8717,0
13.935,92,-10,1530,1478,0.25,-0.49,2.7507,3.0643,6.1700,0
13.952,95,-10,1533,1478,0.25,-0.49,2.7507,3.0643,6.1700,0
13.971,96,-10,1526,1478,0.25,-0.49,2.7507,3.0643,6.1700,0
13.988,96,-10,1525,1478,0.25,-0.49,2.7507,3.0643,6.1700,0
14.005,99,-10,1531,1478,0.25,-0.49,2.7507,3.0643,6.1700,0
14.023,101,-10,1531,1478,0.25,-0.49,2.7507,3.0643,6.1700,0
14.040,104,-10,1535,1478,0.25,-0.49,2.7507,3.0643,6.1700,0
14.057,106,-10,1534,1478,0.25,-0.49,2.7507,3.0643,6.1700,0
14.074,108,-10,1534,1478,0.25,-0.49,2.7507,3.0643,6.1700,0
14.091,111,-10,1537,1478,0.25,-0.49,2.7507,3.0643,6.1700,0
14.108,113,-10,1536,1478,0.25,-0.49,2.7507,3.0643,6.1700,0
14.126,115,-10,1535,1478,0.20,-0.05,2.7507,3.0643,6.1700,0
14.143,117,-11,1535,1478,0.20,-0.05,2.7507,3.0643,6.1700,0
14.160,118,-11,1532,1478,0.20,-0.05,2.7507,3.0643,6.1700,0
14.177,121,-11,1537,1478,0.20,-0.05,2.9815,2.2562,6.8179,0
14.195,122,-11,1533,1478,0.20,-0.05,2.9815,2.2562,6.8179,0
14.212,124,-11,1535,1478,0.20,-0.05,2.9815,2.2562,6.8179,0
14.229,125,-11,1533,1478,0.20,-0.05,2.9815,2.2562,6.8179,0
14.249,126,-11,1531,1478,0.20,-0.05,2.9815,2.2562,6.8179,0
14.267,128,-11,1534,1478,0.20,-0.05,2.9815,2.2562,6.8179,0
14.285,130,-11,1536,1478,0.20,-0.05,2.9815,2.2562,6.8179,0
14.302,132,-11,1537,1478,0.20,-0.05,2.9815,2.2562,6.8179,0
14.320,134,-11,1538,1478,0.20,-0.05,2.9815,2.2562,6.8179,0
14.337,135,-11,1535,1478,0.20,-0.05,2.9815,2.2562,6.8179,0
14.355,137,-11,1537,1478,0.20,-0.05,2.9815,2.2562,6.8179,0
14.372,139,-12,1538,1478,0.48,0.36,2.9815,2.2562,6.8179,0
14.390,141,-12,1539,1478,0.48,0.36,2.9815,2.2562,6.8179,0
14.407,143,-12,1540,1478,0.48,0.36,2.9815,2.2562,6.8179,0
14.424,143,-12,1534,1478,0.48,0.36,2.9815,2.2562,6.8179,0
14.441,145,-12,1537,1478,0.48,0.36,2.2583,2.9151,5.4302,0
14.458,146,-12,1536,1478,0.48,0.36,2.2583,2.9151,5.4302,0
14.475,146,-12,1532,1478,0.48,0.36,2.2583,2.9151,5.4302,0
14.493,147,-12,1534,1478,0.48,0.36,2.2583,2.9151,5.4302,0
14.510,147,-12,1531,1478,0.48,0.36,2.2583,2.9151,5.4302,0
14.528,147,-12,1530,1478,0.48,0.36,2.2583,2.9151,5.4302,0
14.545,147,-12,1530,1478,0.48,0.36,2.2583,2.9151,5.4302,0
14.562,147,-12,1529,1478,0.48,0.36,2.2583,2.9151,5.4302,0
14.579,147,-13,1529,1478,0.48,0.36,2.2583,2.9151,5.4302,0
14.596,146,-13,1526,1478,0.48,0.36,2.2583,2.9151,5.4302,0
14.613,146,-13,1527,1478,0.48,0.36,2.2583,2.9151,5.4302,0
14.631,145,-13,1525,1478,0.62,0.62,2.2583,2.9151,5.4302,0
14.648,144,-13,1524,1478,0.62,0.62,2.2583,2.9151,5.4302,0
14.665,143,-13,1523,1478,0.62,0.62,2.2583,2.9151,5.4302,0
14.683,142,-14,1522,1478,0.62,0.62,4.2529,2.6491,6.8107,0
14.702,142,-14,1525,1478,0.62,0.62,4.2529,2.6491,6.8107,0
14.720,141,-14,1524,1478,0.62,0.62,4.2529,2.6491,6.8107,0
14.738,141,-14,1526,1478,0.62,0.62,4.2529,2.6491,6.8107,0
14.755,140,-14,1524,1478,0.62,0.62,4.2529,2.6491,6.8107,0
14.773,139,-14,1523,1478,0.62,0.62,4.2529,2.6491,6.8107,0
14.791,138,-14,1522,1478,0.62,0.62,4.2529,2.6491,6.8107,0
14.810,137,-14,1522,1478,0.62,0.62,4.2529,2.6491,6.8107,0
14.827,136,-15,1522,1478,0.62,0.62,4.2529,2.6491,6.8107,0
14.844,134,-15,1522,1478,0.62,0.62,4.2529,2.6491,6.8107,0
14.861,133,-15,1522,1478,0.62,0.62,4.2529,2.6491,6.8107,0
14.878,131,-15,1522,1478,-0.14,1.29,4.2529,2.6491,6.8107,0
14.895,131,-15,1522,1478,-0.14,1.29,4.2529,2.6491,6.8107,0
14.912,129,-15,1522,1478,-0.14,1.29,4.2529,2.6491,6.8107,0
14.930,128,-15,1522,1478,-0.14,1.29,4.8945,2.4307,7.1350,0
14.948,128,-15,1522,1478,-0.14,1.29,4.8945,2.4307,7.1350,0
14.965,127,-15,1522,1478,-0.14,1.29,4.8945,2.4307,7.1350,0
14.983,126,-16,1522,1478,-0.14,1.29,4.8945,2.4307,7.1350,0
15.001,126,-16,1522,1478,-0.14,1.29,4.8945,2.4307,7.1350,0
15.018,125,-16,1522,1478,-0.14,1.29,4.8945,2.4307,7.1350,0
15.036,123,-16,1522,1478,-0.14,1.29,4.8945,2.4307,7.1350,0
15.053,122,-16,1522,1478,-0.14,1.29,4.8945,2.4307,7.1350,0
15.070,121,-16,1522,1478,-0.14,1.29,4.8945,2.4307,7.1350,0
15.087,120,-16,1522,1478,-0.14,1.29,4.8945,2.4307,7.1350,0
15.104,118,-16,1522,1478,-0.14,1.29,4.8945,2.4307,7.1350,0
15.122,116,-16,1522,1478,-0.52,1.05,4.8945,2.4307,7.1350,0
15.139,114,-17,1522,1478,-0.52,1.05,4.8945,2.4307,7.1350,0
15.156,113,-17,1522,1478,-0.52,1.05,4.8945,2.4307,7.1350,0
15.173,110,-17,1522,1478,-0.52,1.05,4.8945,2.4307,7.1350,0
15.190,110,-17,1522,1478,-0.52,1.05,3.7089,2.5017,6.8252,0
15.208,108,-17,1522,1478,-0.52,1.05,3.7089,2.5017,6.8252,0
15.225,106,-17,1522,1478,-0.52,1.05,3.7089,2.5017,6.8252,0
15.242,104,-17,1522,1478,-0.52,1.05,3.7089,2.5017,6.8252,0
15.259,102,-17,1522,1478,-0.52,1.05,3.7089,2.5017,6.8252,0
15.277,100,-18,1522,1478,-0.52,1.05,3.7089,2.5017,6.8252,0
15.295,99,-18,1522,1478,-0.52,1.05,3.7089,2.5017,6.8252,0
15.313,97,-18,1522,1478,-0.52,1.05,3.7089,2.5017,6.8252,0
15.330,96,-17,1522,1478,-0.52,1.05,3.7089,2.5017,6.8252,0
15.347,94,-17,1522,1478,-0.52,1.05,3.7089,2.5017,6.8252,0
15.365,92,-18,1522,1478,-0.30,1.08,3.7089,2.5017,6.8252,0
15.383,91,-18,1522,1478,-0.30,1.08,3.7089,2.5017,6.8252,0
15.401,90,-18,1522,1478,-0.30,1.08,3.7089,2.5017,6.8252,0
15.418,88,-18,1522,1478,-0.30,1.08,3.7089,2.5017,6.8252,0
15.435,87,-18,1522,1478,-0.30,1.08,3.3074,2.1171,6.5489,0
15.452,85,-18,1522,1478,-0.30,1.08,3.3074,2.1171,6.5489,0
15.469,83,-18,1522,1478,-0.30,1.08,3.3074,2.1171,6.5489,0
15.487,81,-18,1522,1478,-0.30,1.08,3.3074,2.1171,6.5489,0
15.504,81,-18,1522,1478,-0.30,1.08,3.3074,2.1171,6.5489,0
15.522,79,-18,1522,1478,-0.30,1.08,3.3074,2.1171,6.5489,0
15.539,77,-18,1522,1478,-0.30,1.08,3.3074,2.1171,6.5489,0
15.556,76,-18,1522,1478,-0.30,1.08,3.3074,2.1171,6.5489,0
15.574,74,-18,1522,1478,-0.30,1.08,3.3074,2.1171,6.5489,0
15.591,72,-18,1522,1478,-0.30,1.08,3.3074,2.1171,6.5489,0
15.608,70,-18,1522,1478,-0.30,1.08,3.3074,2.1171,6.5489,0
15.625,68,-18,1522,1478,-0.34,1.16,3.3074,2.1171,6.5489,0
15.643,65,-18,1478,1478,-0.34,1.16,3.3074,2.1171,6.5489,0
15.660,63,-18,1500,1478,-0.34,1.16,3.3074,2.1171,6.5489,0
15.678,61,-18,1500,1478,-0.34,1.16,3.3074,2.1171,6.5489,0
15.696,59,-18,1500,1478,-0.34,1.16,3.2848,1.9770,7.2684,1
15.713,57,-18,1500,1478,-0.34,1.16,3.2848,1.9770,7.2684,1
15.730,57,-18,1522,1478,-0.34,1.16,3.2848,1.9770,7.2684,1
15.747,55,-18,1522,1478,-0.34,1.16,3.2848,1.9770,7.2684,1
15.764,53,-18,1500,1478,-0.34,1.16,3.2848,1.9770,7.2684,1
15.781,51,-18,1500,1478,-0.34,1.16,3.2848,1.9770,7.2684,1
15.799,49,-18,1478,1478,-0.34,1.16,3.2848,1.9770,7.2684,1
15.817,48,-18,1522,1478,-0.34,1.16,3.2848,1.9770,7.2684,1
15.834,47,-18,1522,1478,-0.34,1.16,3.2848,1.9770,7.2684,1
15.851,45,-18,1500,1478,-0.34,1.16,3.2848,1.9770,7.2684,1
15.868,44,-18,1522,1478,-0.47,1.19,3.2848,1.9770,7.2684,1
15.885,42,-18,1478,1478,-0.47,1.19,3.2848,1.9770,7.2684,1
15.902,41,-18,1500,1478,-0.47,1.19,3.2848,1.9770,7.2684,1
15.919,39,-18,1478,1478,-0.47,1.19,3.2848,1.9770,7.2684,1
15.937,38,-18,1500,1478,-0.47,1.19,3.3795,1.6587,7.2588,1
15.954,36,-18,1478,1478,-0.47,1.19,3.3795,1.6587,7.2588,1
15.971,34,-18,1478,1478,-0.47,1.19,3.3795,1.6587,7.2588,1
15.988,32,-18,1478,1478,-0.47,1.19,3.3795,1.6587,7.2588,1
16.006,30,-18,1478,1478,-0.47,1.19,3.3795,1.6587,7.2588,1
16.023,30,-18,1500,1478,-0.47,1.19,3.3795,1.6587,7.2588,1
16.040,26,-18,1478,1478,-0.47,1.19,3.3795,1.6587,7.2588,1
16.057,24,-18,1478,1478,-0.47,1.19,3.3795,1.6587,7.2588,1
16.074,24,-18,1478,1478,-0.47,1.19,3.3795,1.6587,7.2588,1
16.091,22,-17,1478,1500,-0.47,1.19,3.3795,1.6587,7.2588,1
16.108,19,-17,1478,1478,-0.47,1.19,3.3795,1.6587,7.2588,1
16.125,19,-17,1478,1478,-0.66,1.16,3.3795,1.6587,7.2588,1
16.143,18,-17,1478,1478,-0.66,1.16,3.3795,1.6587,7.2588,1
16.160,17,-17,1478,1478,-0.66,1.16,3.3795,1.6587,7.2588,1
16.177,16,-17,1478,1478,-0.66,1.16,3.3795,1.6587,7.2588,1
16.194,16,-17,1500,1478,-0.66,1.16,2.9390,3.5971,4.7507,1
16.211,15,-17,1478,1478,-0.66,1.16,2.9390,3.5971,4.7507,1
16.229,14,-17,1478,1478,-0.66,1.16,2.9390,3.5971,4.7507,1
16.246,12,-17,1478,1478,-0.66,1.16,2.9390,3.5971,4.7507,1
16.263,11,-17,1478,1478,-0.66,1.16,2.9390,3.5971,4.7507,1
16.280,10,-17,1478,1478,-0.66,1.16,2.9390,3.5971,4.7507,1
16.297,8,-17,1478,1478,-0.66,1.16,2.9390,3.5971,4.7507,1
16.315,7,-16,1478,1500,-0.66,1.16,2.9390,3.5971,4.7507,1
16.332,6,-16,1478,1478,-0.66,1.16,2.9390,3.5971,4.7507,1
16.349,5,-16,1478,1478,-0.66,1.16,2.9390,3.5971,4.7507,1
16.366,4,-16,1478,1478,-0.66,1.16,2.9390,3.5971,4.7507,1
16.384,2,-16,1478,1478,-0.74,1.11,2.9390,3.5971,4.7507,1
16.401,1,-16,1478,1478,-0.74,1.11,2.9390,3.5971,4.7507,1
16.418,0,-15,1478,1500,-0.74,1.11,2.9390,3.5971,4.7507,1
16.435,-2,-15,1478,1478,-0.74,1.11,3.4989,1.8496,7.1818,1
16.453,-3,-15,1478,1478,-0.74,1.11,3.4989,1.8496,7.1818,1
16.470,-5,-15,1478,1478,-0.74,1.11,3.4989,1.8496,7.1818,1
16.487,-6,-15,1478,1478,-0.74,1.11,3.4989,1.8496,7.1818,1
16.504,-7,-15,1478,1478,-0.74,1.11,3.4989,1.8496,7.1818,1
16.522,-8,-15,1478,1478,-0.74,1.11,3.4989,1.8496,7.1818,1
16.540,-8,-15,1478,1478,-0.74,1.11,3.4989,1.8496,7.1818,1
16.557,-9,-14,1478,1500,-0.74,1.11,3.4989,1.8496,7.1818,1
16.574,-10,-14,1478,1478,-0.74,1.11,3.4989,1.8496,7.1818,1
16.591,-10,-14,1478,1478,-0.74,1.11,3.4989,1.8496,7.1818,1
16.609,-11,-14,1478,1478,-0.74,1.11,3.4989,1.8496,7.1818,1
16.626,-11,-14,1478,1478,-0.81,0.88,3.4989,1.8496,7.1818,1
16.643,-12,-14,1478,1478,-0.81,0.88,3.4989,1.8496,7.1818,1
16.660,-13,-14,1478,1478,-0.81,0.88,3.4989,1.8496,7.1818,1
16.680,-14,-13,1478,1500,-0.81,0.88,2.5457,2.9969,4.5592,1
16.697,-14,-13,1478,1478,-0.81,0.88,2.5457,2.9969,4.5592,1
16.714,-14,-13,1478,1478,-0.81,0.88,2.5457,2.9969,4.5592,1
16.731,-14,-13,1478,1478,-0.81,0.88,2.5457,2.9969,4.5592,1
16.749,-15,-13,1478,1478,-0.81,0.88,2.5457,2.9969,4.5592,1
16.766,-15,-13,1478,1478,-0.81,0.88,2.5457,2.9969,4.5592,1
16.783,-15,-13,1478,1478,-0.81,0.88,2.5457,2.9969,4.5592,1
16.801,-15,-12,1478,1500,-0.81,0.88,2.5457,2.9969,4.5592,1
16.818,-15,-12,1478,1478,-0.81,0.88,2.5457,2.9969,4.5592,1
16.836,-16,-12,1478,1478,-0.81,0.88,2.5457,2.9969,4.5592,1
16.853,-16,-12,1478,1478,-0.81,0.88,2.5457,2.9969,4.5592,1
16.871,-17,-12,1478,1478,-1.06,0.69,2.5457,2.9969,4.5592,1
16.888,-18,-12,1478,1478,-1.06,0.69,2.5457,2.9969,4.5592,1
16.905,-18,-12,1478,1478,-1.06,0.69,2.5457,2.9969,4.5592,1
16.923,-19,-12,1478,1478,-1.06,0.69,2.5457,2.9969,4.5592,1
16.940,-20,-11,1478,1500,-1.06,0.69,2.7801,3.0529,5.3442,1
16.957,-21,-11,1478,1500,-1.06,0.69,2.7801,3.0529,5.3442,1
16.974,-22,-11,1478,1478,-1.06,0.69,2.7801,3.0529,5.3442,1
16.991,-22,-11,1478,1478,-1.06,0.69,2.7801,3.0529,5.3442,1
17.008,-23,-11,1478,1478,-1.06,0.69,2.7801,3.0529,5.3442,1
17.026,-24,-10,1478,1500,-1.06,0.69,2.7801,3.0529,5.3442,1
17.043,-25,-10,1478,1500,-1.06,0.69,2.7801,3.0529,5.3442,1
17.060,-26,-10,1478,1478,-1.06,0.69,2.7801,3.0529,5.3442,1
17.079,-26,-10,1478,1478,-1.06,0.69,2.7801,3.0529,5.3442,1
17.096,-27,-10,1478,1478,-1.06,0.69,2.7801,3.0529,5.3442,1
17.114,-28,-10,1478,1478,-1.06,0.69,2.7801,3.0529,5.3442,1
17.133,-29,-9,1478,1500,-0.56,0.73,2.7801,3.0529,5.3442,1
17.150,-30,-9,1478,1500,-0.56,0.73,2.7801,3.0529,5.3442,1
17.168,-31,-9,1478,1478,-0.56,0.73,2.7801,3.0529,5.3442,1
17.185,-31,-9,1478,1478,-0.56,0.73,3.0196,2.7876,6.8169,1
17.202,-32,-9,1478,1478,-0.56,0.73,3.0196,2.7876,6.8169,1
17.219,-33,-8,1478,1522,-0.56,0.73,3.0196,2.7876,6.8169,1
17.236,-33,-8,1478,1500,-0.56,0.73,3.0196,2.7876,6.8169,1
17.253,-34,-8,1478,1478,-0.56,0.73,3.0196,2.7876,6.8169,1
17.270,-35,-8,1478,1478,-0.56,0.73,3.0196,2.7876,6.8169,1
17.288,-36,-8,1478,1478,-0.56,0.73,3.0196,2.7876,6.8169,1
17.305,-37,-8,1478,1478,-0.56,0.73,3.0196,2.7876,6.8169,1
17.322,-40,-7,1478,1522,-0.56,0.73,3.0196,2.7876,6.8169,1
17.339,-41,-7,1478,1500,-0.56,0.73,3.0196,2.7876,6.8169,1
17.356,-42,-7,1478,1500,-0.56,0.73,3.0196,2.7876,6.8169,1
17.374,-43,-7,1478,1478,0.45,0.78,3.0196,2.7876,6.8169,1
17.391,-44,-7,1478,1478,0.45,0.78,3.0196,2.7876,6.8169,1
17.408,-46,-7,1478,1478,0.45,0.78,3.0196,2.7876,6.8169,1
17.425,-46,-6,1478,1522,0.45,0.78,2.6258,3.3250,6.0619,1
17.443,-47,-6,1478,1500,0.45,0.78,2.6258,3.3250,6.0619,1
17.460,-48,-6,1478,1500,0.45,0.78,2.6258,3.3250,6.0619,1
17.478,-49,-6,1478,1478,0.45,0.78,2.6258,3.3250,6.0619,1
17.496,-49,-6,1478,1478,0.45,0.78,2.6258,3.3250,6.0619,1
17.513,-50,-6,1478,1478,0.45,0.78,2.6258,3.3250,6.0619,1
17.530,-51,-6,1478,1478,0.45,0.78,2.6258,3.3250,6.0619,1
17.547,-52,-5,1478,1522,0.45,0.78,2.6258,3.3250,6.0619,1
17.565,-53,-5,1478,1500,0.45,0.78,2.6258,3.3250,6.0619,1
17.583,-53,-5,1478,1500,0.45,0.78,2.6258,3.3250,6.0619,1
17.600,-54,-5,1478,1500,0.45,0.78,2.6258,3.3250,6.0619,1
17.617,-54,-5,1478,1478,0.80,1.03,2.6258,3.3250,6.0619,1
17.634,-55,-5,1478,1478,0.80,1.03,2.6258,3.3250,6.0619,1
17.651,-55,-5,1478,1478,0.80,1.03,2.6258,3.3250,6.0619,1
17.668,-55,-4,1478,1522,0.80,1.03,2.6258,3.3250,6.0619,1
17.685,-55,-4,1478,1500,0.80,1.03,3.4160,2.1096,7.3543,1
17.702,-55,-4,1478,1500,0.80,1.03,3.4160,2.1096,7.3543,1
17.719,-56,-4,1478,1500,0.80,1.03,3.4160,2.1096,7.3543,1
17.737,-56,-4,1478,1500,0.80,1.03,3.4160,2.1096,7.3543,1
17.754,-57,-4,1478,1500,0.80,1.03,3.4160,2.1096,7.3543,1
17.772,-58,-4,1478,1500,0.80,1.03,3.4160,2.1096,7.3543,1
17.789,-59,-3,1478,1522,0.80,1.03,3.4160,2.1096,7.3543,1
17.807,-60,-3,1478,1500,0.80,1.03,3.4160,2.1096,7.3543,1
17.826,-61,-3,1478,1500,0.80,1.03,3.4160,2.1096,7.3543,0
17.843,-62,-3,1478,1500,0.80,1.03,3.4160,2.1096,7.3543,0
17.860,-63,-3,1478,1500,0.80,1.03,3.4160,2.1096,7.3543,0
17.877,-65,-3,1478,1500,0.67,1.51,3.4160,2.1096,7.3543,0
17.895,-66,-3,1478,1500,0.67,1.51,3.4160,2.1096,7.3543,0
17.912,-67,-2,1478,1522,0.67,1.51,3.4160,2.1096,7.3543,0
17.929,-68,-2,1478,1500,0.67,1.51,3.8152,1.9355,7.9779,0
17.946,-69,-2,1478,1500,0.67,1.51,3.8152,1.9355,7.9779,0
17.964,-70,-2,1478,1500,0.67,1.51,3.8152,1.9355,7.9779,0
17.981,-70,-2,1478,1500,0.67,1.51,3.8152,1.9355,7.9779,0
17.998,-71,-2,1478,1500,0.67,1.51,3.8152,1.9355,7.9779,0
18.015,-71,-2,1478,1500,0.67,1.51,3.8152,1.9355,7.9779,0
18.033,-71,-2,1478,1500,0.67,1.51,3.8152,1.9355,7.9779,0
18.050,-71,-2,1478,1500,0.67,1.51,3.8152,1.9355,7.9779,0
18.068,-72,-2,1478,1500,0.67,1.51,3.8152,1.9355,7.9779,0
18.085,-72,-2,1478,1500,0.67,1.51,3.8152,1.9355,7.9779,0
18.102,-73,-2,1478,1500,0.67,1.51,3.8152,1.9355,7.9779,0
18.120,-73,-1,1478,1522,0.35,1.69,3.8152,1.9355,7.9779,0
18.137,-74,-1,1478,1522,0.35,1.69,3.8152,1.9355,7.9779,0
18.154,-74,-1,1478,1500,0.35,1.69,3.8152,1.9355,7.9779,0
18.174,-75,-1,1478,1500,0.35,1.69,3.2190,2.0427,7.3349,0
18.192,-76,-1,1478,1500,0.35,1.69,3.2190,2.0427,7.3349,0
18.208,-77,-1,1478,1500,0.35,1.69,3.2190,2.0427,7.3349,0
18.226,-77,-1,1478,1500,0.35,1.69,3.2190,2.0427,7.3349,0
18.244,-78,-1,1478,1500,0.35,1.69,3.2190,2.0427,7.3349,0
18.261,-78,-1,1478,1500,0.35,1.69,3.2190,2.0427,7.3349,0
18.278,-79,-1,1478,1500,0.35,1.69,3.2190,2.0427,7.3349,0
18.296,-79,0,1478,1522,0.35,1.69,3.2190,2.0427,7.3349,0
18.314,-80,0,1478,1522,0.35,1.69,3.2190,2.0427,7.3349,0
18.331,-80,0,1478,1500,0.35,1.69,3.2190,2.0427,7.3349,0
18.349,-80,-1,1478,1478,0.35,1.69,3.2190,2.0427,7.3349,0
18.366,-80,0,1478,1522,0.02,1.20,3.2190,2.0427,7.3349,0
18.385,-80,0,1478,1500,0.02,1.20,3.2190,2.0427,7.3349,0
18.402,-80,0,1478,1500,0.02,1.20,3.2190,2.0427,7.3349,0
18.420,-81,0,1478,1500,0.02,1.20,3.2190,2.0427,7.3349,0
18.437,-81,0,1478,1500,0.02,1.20,3.3662,2.2697,6.5753,0
18.454,-82,0,1478,1500,0.02,1.20,3.3662,2.2697,6.5753,0
18.471,-82,0,1478,1500,0.02,1.20,3.3662,2.2697,6.5753,0
18.489,-83,0,1478,1500,0.02,1.20,3.3662,2.2697,6.5753,0
18.506,-83,0,1478,1500,0.02,1.20,3.3662,2.2697,6.5753,0
18.524,-83,0,1478,1500,0.02,1.20,3.3662,2.2697,6.5753,0
18.542,-83,1,1478,1522,0.02,1.20,3.3662,2.2697,6.5753,0
18.559,-83,1,1478,1522,0.02,1.20,3.3662,2.2697,6.5753,0
18.576,-83,1,1478,1500,0.02,1.20,3.3662,2.2697,6.5753,0
18.593,-83,1,1478,1500,0.02,1.20,3.3662,2.2697,6.5753,0
18.610,-84,1,1478,1500,0.02,1.20,3.3662,2.2697,6.5753,0
18.628,-84,1,1478,1500,-0.34,1.21,3.3662,2.2697,6.5753,0
18.645,-84,1,1478,1500,-0.34,1.21,3.3662,2.2697,6.5753,0
18.664,-85,1,1478,1500,-0.34,1.21,3.3662,2.2697,6.5753,0
18.681,-85,1,1478,1500,-0.34,1.21,2.9964,1.9354,6.4085,0
18.698,-85,1,1478,1500,-0.34,1.21,2.9964,1.9354,6.4085,0
18.718,-85,1,1478,1500,-0.34,1.21,2.9964,1.9354,6.4085,0
18.736,-85,1,1478,1500,-0.34,1.21,2.9964,1.9354,6.4085,0
18.753,-86,1,1478,1500,-0.34,1.21,2.9964,1.9354,6.4085,0
18.771,-85,1,1478,1500,-0.34,1.21,2.9964,1.9354,6.4085,0
18.788,-86,2,1478,1522,-0.34,1.21,2.9964,1.9354,6.4085,0
18.805,-85,2,1478,1522,-0.34,1.21,2.9964,1.9354,6.4085,0
18.822,-85,2,1478,1500,-0.34,1.21,2.9964,1.9354,6.4085,0
18.839,-85,2,1478,1500,-0.34,1.21,2.9964,1.9354,6.4085,0
18.856,-85,2,1478,1500,-0.34,1.21,2.9964,1.9354,6.4085,0
18.874,-85,2,1478,1500,-0.89,1.13,2.9964,1.9354,6.4085,0
18.891,-86,2,1478,1500,-0.89,1.13,2.9964,1.9354,6.4085,0
18.908,-86,2,1478,1500,-0.89,1.13,2.9964,1.9354,6.4085,0
18.925,-86,2,1478,1500,-0.89,1.13,2.9964,1.9354,6.4085,0
18.942,-86,2,1478,1500,-0.89,1.13,2.9878,2.1644,6.9155,0
18.959,-87,2,1478,1500,-0.89,1.13,2.9878,2.1644,6.9155,0
18.976,-87,2,1478,1500,-0.89,1.13,2.9878,2.1644,6.9155,0
18.993,-88,2,1478,1500,-0.89,1.13,2.9878,2.1644,6.9155,0
19.010,-89,2,1478,1500,-0.89,1.13,2.9878,2.1644,6.9155,0
19.028,-89,2,1478,1500,-0.89,1.13,2.9878,2.1644,6.9155,0
19.045,-89,2,1478,1500,-0.89,1.13,2.9878,2.1644,6.9155,0
19.063,-90,2,1478,1500,-0.89,1.13,2.9878,2.1644,6.9155,0
19.081,-90,2,1478,1500,-0.89,1.13,2.9878,2.1644,6.9155,0
19.098,-90,2,1478,1500,-0.89,1.13,2.9878,2.1644,6.9155,0
19.116,-90,2,1478,1500,-1.88,1.46,2.9878,2.1644,6.9155,0
19.133,-90,2,1478,1500,-1.88,1.46,2.9878,2.1644,6.9155,0
19.150,-90,2,1478,1500,-1.88,1.46,2.9878,2.1644,6.9155,0
19.167,-90,2,1478,1500,-1.88,1.46,2.9878,2.1644,6.9155,0
19.185,-90,2,1478,1500,-1.88,1.46,2.9527,1.7854,7.4131,0
19.202,-90,2,1478,1500,-1.88,1.46,2.9527,1.7854,7.4131,0
19.219,-89,2,1478,1500,-1.88,1.46,2.9527,1.7854,7.4131,0
19.236,-89,2,1478,1500,-1.88,1.46,2.9527,1.7854,7.4131,0
19.253,-88,2,1478,1500,-1.88,1.46,2.9527,1.7854,7.4131,0
19.270,-87,2,1478,1500,-1.88,1.46,2.9527,1.7854,7.4131,0
19.292,-86,2,1478,1500,-1.88,1.46,2.9527,1.7854,7.4131,0
19.309,-85,2,1478,1500,-1.88,1.46,2.9527,1.7854,7.4131,0
19.326,-83,2,1478,1500,-1.88,1.46,2.9527,1.7854,7.4131,0
19.344,-82,2,1478,1500,-1.88,1.46,2.9527,1.7854,7.4131,0
19.361,-80,2,1478,1500,-1.88,1.46,2.9527,1.7854,7.4131,0
19.379,-78,2,1478,1500,-2.47,1.94,2.9527,1.7854,7.4131,0
19.396,-76,2,1478,1500,-2.47,1.94,2.9527,1.7854,7.4131,0
19.415,-73,2,1478,1500,-2.47,1.94,2.9527,1.7854,7.4131,0
19.432,-68,2,1522,1500,-2.47,1.94,2.9406,2.4065,5.8330,0
19.449,-68,2,1478,1500,-2.47,1.94,2.9406,2.4065,5.8330,0
19.466,-65,2,1500,1500,-2.47,1.94,2.9406,2.4065,5.8330,0
19.484,-61,2,1522,1500,-2.47,1.94,2.9406,2.4065,5.8330,0
19.501,-59,2,1522,1500,-2.47,1.94,2.9406,2.4065,5.8330,1
19.518,-57,3,1522,1522,-2.47,1.94,2.9406,2.4065,5.8330,1
19.536,-55,3,1522,1522,-2.47,1.94,2.9406,2.4065,5.8330,1
19.553,-52,3,1522,1522,-2.47,1.94,2.9406,2.4065,5.8330,1
19.571,-50,3,1522,1500,-2.47,1.94,2.9406,2.4065,5.8330,1
19.588,-48,3,1522,1500,-2.47,1.94,2.9406,2.4065,5.8330,1
19.606,-46,3,1522,1500,-2.47,1.94,2.9406,2.4065,5.8330,1
19.623,-44,3,1522,1500,-2.09,2.15,2.9406,2.4065,5.8330,1
19.640,-42,3,1522,1500,-2.09,2.15,2.9406,2.4065,5.8330,1
19.657,-41,3,1500,1500,-2.09,2.15,2.9406,2.4065,5.8330,1
19.674,-39,3,1522,1500,-2.09,2.15,2.9406,2.4065,5.8330,1
19.691,-36,3,1522,1500,-2.09,2.15,2.9628,2.6198,6.4511,1
19.710,-34,3,1522,1500,-2.09,2.15,2.9628,2.6198,6.4511,1
19.727,-32,3,1522,1500,-2.09,2.15,2.9628,2.6198,6.4511,1
19.744,-29,3,1522,1500,-2.09,2.15,2.9628,2.6198,6.4511,1
19.761,-27,3,1522,1500,-2.09,2.15,2.9628,2.6198,6.4511,1
19.778,-24,3,1522,1500,-2.09,2.15,2.9628,2.6198,6.4511,1
19.796,-21,3,1522,1500,-2.09,2.15,2.9628,2.6198,6.4511,1
19.813,-19,3,1522,1500,-2.09,2.15,2.9628,2.6198,6.4511,1
19.830,-16,3,1522,1500,-2.09,2.15,2.9628,2.6198,6.4511,1
19.847,-11,3,1522,1500,-2.09,2.15,2.9628,2.6198,6.4511,1
19.864,-9,4,1522,1522,-2.09,2.15,2.9628,2.6198,6.4511,1
19.882,-9,4,1522,1522,-1.59,1.71,2.9628,2.6198,6.4511,1
19.899,-7,4,1522,1522,-1.59,1.71,2.9628,2.6198,6.4511,1
19.916,-6,4,1522,1500,-1.59,1.71,2.9628,2.6198,6.4511,1
19.933,-4,4,1522,1500,-1.59,1.71,3.3741,2.1767,7.1187,1
19.950,-3,4,1522,1500,-1.59,1.71,3.3741,2.1767,7.1187,1
19.967,-2,4,1522,1500,-1.59,1.71,3.3741,2.1767,7.1187,1
19.984,-2,4,1522,1500,-1.59,1.71,3.3741,2.1767,7.1187,1
20.002,-1,4,1522,1500,-1.59,1.71,3.3741,2.1767,7.1187,1
20.019,-1,4,1522,1500,-1.59,1.71,3.3741,2.1767,7.1187,1
20.036,0,4,1522,1500,-1.59,1.71,3.3741,2.1767,7.1187,1
20.054,0,4,1522,1500,-1.59,1.71,3.3741,2.1767,7.1187,1
20.071,1,4,1522,1500,-1.59,1.71,3.3741,2.1767,7.1187,1
20.088,1,4,1522,1500,-1.59,1.71,3.3741,2.1767,7.1187,1
20.106,1,5,1522,1522,-1.59,1.71,3.3741,2.1767,7.1187,1
20.123,2,5,1522,1522,-0.99,1.47,3.3741,2.1767,7.1187,1
20.140,2,5,1522,1522,-0.99,1.47,3.3741,2.1767,7.1187,1
20.157,3,5,1522,1522,-0.99,1.47,3.3741,2.1767,7.1187,1
20.176,4,5,1522,1522,-0.99,1.47,3.3741,2.1767,7.1187,1
20.193,4,5,1522,1500,-0.99,1.47,3.3741,2.1767,7.1187,1
20.211,5,5,1522,1500,-0.99,1.47,3.3741,2.1767,7.1187,1
20.229,5,5,1522,1500,-0.99,1.47,3.3741,2.1767,7.1187,1
20.247,6,5,1522,1500,-0.99,1.47,3.3741,2.1767,7.1187,1
20.264,7,5,1522,1500,-0.99,1.47,3.3741,2.1767,7.1187,1
20.281,8,5,1522,1500,-0.99,1.47,3.3741,2.1767,7.1187,1
20.298,9,5,1522,1500,-0.99,1.47,3.3741,2.1767,7.1187,1
20.315,9,5,1522,1500,-0.99,1.47,3.3741,2.1767,7.1187,1
20.332,9,6,1522,1522,-0.99,1.47,3.3741,2.1767,7.1187,1
20.351,9,5,1522,1500,-0.99,1.47,3.3741,2.1767,7.1187,1
20.368,9,5,1522,1500,-0.13,1.80,3.3741,2.1767,7.1187,1
20.387,9,5,1522,1500,-0.13,1.80,3.3741,2.1767,7.1187,1
20.404,8,5,1478,1500,-0.13,1.80,3.3741,2.1767,7.1187,1
20.421,8,5,1500,1500,-0.13,1.80,3.3741,2.1767,7.1187,1
20.438,7,6,1478,1522,-0.13,1.80,3.3741,2.1767,7.1187,1
20.458,7,5,1500,1500,-0.13,1.80,3.3741,2.1767,7.1187,1
20.475,6,6,1478,1522,-0.13,1.80,3.3741,2.1767,7.1187,1
20.492,5,5,1478,1500,-0.13,1.80,3.3741,2.1767,7.1187,1
20.509,5,6,1478,1522,-0.13,1.80,3.3741,2.1767,7.1187,1
20.527,4,5,1478,1478,-0.13,1.80,3.3741,2.1767,7.1187,1
20.544,2,5,1478,1500,-0.13,1.80,3.3741,2.1767,7.1187,1
20.561,1,5,1478,1500,-0.13,1.80,3.3741,2.1767,7.1187,1
20.578,-1,5,1478,1500,-0.13,1.80,3.3741,2.1767,7.1187,1
20.595,-4,5,1478,1500,-0.13,1.80,3.3741,2.1767,7.1187,1
20.615,-5,5,1478,1500,-0.13,1.80,3.3741,2.1767,7.1187,1
20.632,-7,5,1478,1500,-0.13,1.80,3.3741,2.1767,7.1187,1
20.649,-9,5,1478,1500,-0.13,1.80,3.3741,2.1767,7.1187,1
20.668,-10,5,1478,1500,-0.13,1.80,2.8455,2.6063,6.7576,1
20.685,-12,5,1478,1500,0.10,1.52,2.8455,2.6063,6.7576,1
20.702,-14,5,1478,1500,0.10,1.52,2.8455,2.6063,6.7576,1
20.720,-16,5,1478,1500,0.10,1.52,2.8455,2.6063,6.7576,1
20.737,-17,5,1478,1500,0.10,1.52,2.8455,2.6063,6.7576,1
20.755,-19,5,1478,1500,0.10,1.52,2.8455,2.6063,6.7576,1
20.772,-24,5,1476,1500,0.10,1.52,2.8455,2.6063,6.7576,1
20.789,-26,5,1478,1500,0.10,1.52,2.8455,2.6063,6.7576,1
20.806,-28,5,1478,1500,0.10,1.52,2.8455,2.6063,6.7576,1
20.824,-31,5,1478,1500,0.10,1.52,2.8455,2.6063,6.7576,1
20.842,-33,5,1478,1500,0.10,1.52,2.8455,2.6063,6.7576,1
20.859,-36,5,1478,1500,0.20,1.36,2.8455,2.6063,6.7576,1
20.877,-38,5,1478,1500,0.20,1.36,2.8455,2.6063,6.7576,1
20.895,-41,5,1477,1500,0.20,1.36,2.8455,2.6063,6.7576,1
20.912,-43,5,1478,1500,0.20,1.36,2.8455,2.6063,6.7576,1
20.929,-48,5,1469,1500,0.20,1.36,2.8455,2.6063,6.7576,1
20.946,-50,4,1474,1478,0.20,1.36,2.8455,2.6063,6.7576,1
20.963,-53,5,1473,1522,0.20,1.36,2.8455,2.6063,6.7576,1
20.982,-56,5,1472,1522,0.20,1.36,2.8455,2.6063,6.7576,1
20.999,-59,5,1472,1522,0.20,1.36,2.8455,2.6063,6.7576,1
21.016,-62,5,1471,1522,0.20,1.36,2.8455,2.6063,6.7576,0
21.034,-65,5,1470,1500,0.20,1.36,2.8455,2.6063,6.7576,0
21.051,-67,4,1473,1478,0.20,1.36,2.8455,2.6063,6.7576,0
21.068,-69,4,1474,1500,0.20,1.36,2.8455,2.6063,6.7576,0
21.086,-71,4,1474,1500,0.20,1.36,2.8455,2.6063,6.7576,0
21.103,-73,4,1474,1500,0.20,1.36,2.8455,2.6063,6.7576,0
21.120,-78,4,1464,1500,0.20,1.36,2.8455,2.6063,6.7576,0
21.137,-81,5,1465,1522,0.20,1.36,2.8455,2.6063,6.7576,0
21.155,-84,4,1465,1500,0.20,1.36,2.8455,2.6063,6.7576,0
21.172,-87,5,1465,1522,0.20,1.36,2.8479,2.8117,7.7266,0
21.189,-89,4,1468,1478,0.04,1.57,2.8479,2.8117,7.7266,0
21.207,-92,5,1466,1522,0.04,1.57,2.8479,2.8117,7.7266,0
21.224,-93,5,1471,1522,0.04,1.57,2.8479,2.8117,7.7266,0
21.241,-96,5,1467,1522,0.04,1.57,2.8479,2.8117,7.7266,0
21.258,-98,4,1468,1478,0.04,1.57,2.8479,2.8117,7.7266,0
21.275,-100,4,1468,1500,0.04,1.57,2.8479,2.8117,7.7266,0
21.292,-102,4,1468,1500,0.04,1.57,2.8479,2.8117,7.7266,0
21.309,-104,5,1468,1522,0.04,1.57,2.8479,2.8117,7.7266,0
21.327,-105,5,1471,1522,0.04,1.57,2.8479,2.8117,7.7266,0
21.344,-107,5,1469,1522,0.04,1.57,2.8479,2.8117,7.7266,0
21.361,-108,5,1471,1522,-0.36,1.74,2.8479,2.8117,7.7266,0
21.378,-110,5,1469,1522,-0.36,1.74,2.8479,2.8117,7.7266,0
21.395,-113,4,1464,1478,-0.36,1.74,2.8479,2.8117,7.7266,0
21.413,-114,4,1468,1500,-0.36,1.74,2.8479,2.8117,7.7266,0
21.430,-116,5,1466,1522,-0.36,1.74,2.8479,2.8117,7.7266,0
21.447,-117,5,1469,1522,-0.36,1.74,2.8479,2.8117,7.7266,0
21.464,-119,5,1467,1522,-0.36,1.74,2.8479,2.8117,7.7266,0
21.481,-120,5,1469,1522,-0.36,1.74,2.8479,2.8117,7.7266,0
21.499,-122,5,1467,1522,-0.36,1.74,2.8479,2.8117,7.7266,0
21.517,-124,5,1465,1500,-0.36,1.74,2.8479,2.8117,7.7266,0
21.534,-125,5,1467,1500,-0.36,1.74,2.8479,2.8117,7.7266,0
21.551,-127,5,1465,1500,-0.36,1.74,2.8479,2.8117,7.7266,0
21.569,-128,5,1467,1500,-0.36,1.74,2.8479,2.8117,7.7266,0
21.587,-129,5,1468,1500,-0.36,1.74,2.8479,2.8117,7.7266,0
21.604,-131,5,1465,1500,-0.36,1.74,2.8479,2.8117,7.7266,0
21.621,-132,5,1467,1500,-0.36,1.74,2.8479,2.8117,7.7266,0
21.639,-133,5,1467,1500,-0.36,1.74,2.8479,2.8117,7.7266,0
21.656,-134,5,1467,1500,-0.36,1.74,2.8479,2.8117,7.7266,0
21.673,-134,5,1470,1500,-0.36,1.74,2.4577,3.2403,6.7529,0
21.690,-134,5,1472,1500,-0.28,1.93,2.4577,3.2403,6.7529,0
21.709,-134,5,1473,1500,-0.28,1.93,2.4577,3.2403,6.7529,0
21.726,-133,6,1476,1522,-0.28,1.93,2.4577,3.2403,6.7529,0
21.743,-132,5,1478,1500,-0.28,1.93,2.4577,3.2403,6.7529,0
21.760,-132,5,1476,1500,-0.28,1.93,2.4577,3.2403,6.7529,0
21.778,-130,5,1478,1500,-0.28,1.93,2.4577,3.2403,6.7529,0
21.795,-129,5,1478,1500,-0.28,1.93,2.4577,3.2403,6.7529,0
21.812,-128,5,1478,1500,-0.28,1.93,2.4577,3.2403,6.7529,0
21.829,-126,5,1478,1500,-0.28,1.93,2.4577,3.2403,6.7529,0
21.847,-123,5,1478,1500,-0.28,1.93,2.4577,3.2403,6.7529,0
21.865,-122,5,1478,1500,-0.30,1.94,2.4577,3.2403,6.7529,0
21.882,-120,5,1478,1500,-0.30,1.94,2.4577,3.2403,6.7529,0
21.899,-118,5,1478,1500,-0.30,1.94,2.4577,3.2403,6.7529,0
21.916,-116,5,1478,1500,-0.30,1.94,2.4577,3.2403,6.7529,0
21.934,-114,5,1478,1500,-0.30,1.94,2.4577,3.2403,6.7529,0
21.951,-111,5,1478,1500,-0.30,1.94,2.4577,3.2403,6.7529,0
21.968,-109,5,1478,1500,-0.30,1.94,2.4577,3.2403,6.7529,0
21.986,-107,5,1478,1500,-0.30,1.94,2.4577,3.2403,6.7529,0
22.003,-105,5,1478,1500,-0.30,1.94,2.4577,3.2403,6.7529,0
22.022,-103,5,1478,1500,-0.30,1.94,2.4577,3.2403,6.7529,0
22.039,-101,4,1478,1478,-0.30,1.94,2.4577,3.2403,6.7529,0
22.057,-100,4,1478,1500,-0.30,1.94,2.4577,3.2403,6.7529,0
22.074,-98,5,1478,1522,-0.30,1.94,2.4577,3.2403,6.7529,0
22.092,-96,4,1478,1500,-0.30,1.94,2.4577,3.2403,6.7529,0
22.109,-94,4,1478,1500,-0.30,1.94,2.4577,3.2403,6.7529,0
22.126,-92,4,1478,1500,-0.30,1.94,2.4577,3.2403,6.7529,0
22.143,-90,4,1478,1500,-0.30,1.94,2.4577,3.2403,6.7529,0
22.161,-86,4,1500,1500,-0.30,1.94,2.2861,3.0858,7.8633,0
22.179,-85,4,1478,1500,-0.41,1.81,2.2861,3.0858,7.8633,0
22.196,-82,4,1478,1500,-0.41,1.81,2.2861,3.0858,7.8633,0
22.213,-80,4,1478,1500,-0.41,1.81,2.2861,3.0858,7.8633,0
22.231,-78,4,1478,1500,-0.41,1.81,2.2861,3.0858,7.8633,0
22.248,-76,4,1478,1500,-0.41,1.81,2.2861,3.0858,7.8633,0
22.265,-74,4,1478,1500,-0.41,1.81,2.2861,3.0858,7.8633,0
22.282,-72,4,1478,1500,-0.41,1.81,2.2861,3.0858,7.8633,0
22.299,-70,3,1478,1478,-0.41,1.81,2.2861,3.0858,7.8633,0
22.316,-67,4,1522,1522,-0.41,1.81,2.2861,3.0858,7.8633,0
22.334,-66,4,1478,1522,-0.41,1.81,2.2861,3.0858,7.8633,0
22.351,-65,3,1478,1478,-0.41,1.81,2.2861,3.0858,7.8633,0
22.368,-64,3,1478,1500,-0.20,1.92,2.2861,3.0858,7.8633,0
22.387,-63,3,1478,1500,-0.20,1.92,2.2861,3.0858,7.8633,0
22.404,-62,3,1478,1500,-0.20,1.92,2.2861,3.0858,7.8633,0
22.422,-60,3,1478,1500,-0.20,1.92,2.2861,3.0858,7.8633,1
22.439,-59,3,1478,1500,-0.20,1.92,2.2861,3.0858,7.8633,1
22.457,-58,3,1478,1500,-0.20,1.92,2.2861,3.0858,7.8633,1
22.474,-55,3,1500,1500,-0.20,1.92,2.2861,3.0858,7.8633,1
22.492,-53,3,1500,1500,-0.20,1.92,2.2861,3.0858,7.8633,1
22.513,-51,3,1500,1500,-0.20,1.92,2.2861,3.0858,7.8633,1
22.531,-50,3,1478,1500,-0.20,1.92,2.2861,3.0858,7.8633,1
22.548,-47,3,1522,1500,-0.20,1.92,2.2861,3.0858,7.8633,1
22.565,-45,3,1522,1500,-0.20,1.92,2.2861,3.0858,7.8633,1
22.582,-40,2,1522,1500,-0.20,1.92,2.2861,3.0858,7.8633,1
22.599,-38,3,1522,1500,-0.20,1.92,2.2861,3.0858,7.8633,1
22.616,-35,2,1522,1478,-0.20,1.92,2.2861,3.0858,7.8633,1
22.634,-33,2,1522,1478,-0.20,1.92,2.2861,3.0858,7.8633,1
22.652,-31,2,1522,1500,-0.20,1.92,2.2861,3.0858,7.8633,1
22.669,-29,2,1522,1500,-0.20,1.92,2.9731,2.9118,7.3616,1
22.686,-27,2,1522,1500,-0.10,1.93,2.9731,2.9118,7.3616,1
22.703,-26,2,1522,1500,-0.10,1.93,2.9731,2.9118,7.3616,1
22.721,-25,2,1522,1500,-0.10,1.93,2.9731,2.9118,7.3616,1
22.738,-23,2,1522,1500,-0.10,1.93,2.9731,2.9118,7.3616,1
22.756,-22,2,1522,1500,-0.10,1.93,2.9731,2.9118,7.3616,1
22.774,-21,2,1522,1500,-0.10,1.93,2.9731,2.9118,7.3616,1
22.792,-19,2,1522,1500,-0.10,1.93,2.9731,2.9118,7.3616,1
22.810,-18,2,1522,1500,-0.10,1.93,2.9731,2.9118,7.3616,1
22.827,-16,2,1522,1500,-0.10,1.93,2.9731,2.9118,7.3616,1
22.844,-15,1,1522,1478,-0.10,1.93,2.9731,2.9118,7.3616,1
22.861,-14,1,1522,1478,-0.10,1.93,2.9731,2.9118,7.3616,1
22.878,-14,1,1500,1500,-0.35,1.98,2.9731,2.9118,7.3616,1
22.897,-12,1,1522,1500,-0.35,1.98,2.9731,2.9118,7.3616,1
22.914,-11,1,1522,1500,-0.35,1.98,2.9731,2.9118,7.3616,1
22.931,-11,1,1522,1500,-0.35,1.98,2.9731,2.9118,7.3616,1
22.948,-10,1,1522,1500,-0.35,1.98,2.9731,2.9118,7.3616,1
22.965,-9,1,1522,1500,-0.35,1.98,2.9731,2.9118,7.3616,1
22.982,-9,1,1500,1500,-0.35,1.98,2.9731,2.9118,7.3616,1
23.000,-8,1,1522,1500,-0.35,1.98,2.9731,2.9118,7.3616,1
23.017,-7,0,1522,1478,-0.35,1.98,2.9731,2.9118,7.3616,1
23.037,-7,0,1522,1478,-0.35,1.98,2.9731,2.9118,7.3616,1
23.054,-6,0,1522,1500,-0.35,1.98,2.9731,2.9118,7.3616,1
23.071,-5,0,1522,1500,-0.35,1.98,2.9731,2.9118,7.3616,1
23.088,-4,0,1522,1500,-0.35,1.98,2.9731,2.9118,7.3616,1
23.105,-3,0,1522,1500,-0.35,1.98,2.9731,2.9118,7.3616,1
23.124,-3,0,1522,1500,-0.35,1.98,2.9731,2.9118,7.3616,1
23.141,-2,0,1522,1500,-0.35,1.98,2.9731,2.9118,7.3616,1
23.160,-1,0,1522,1500,-0.35,1.98,2.4815,3.6509,7.0588,1
23.177,1,0,1522,1500,-0.63,1.65,2.4815,3.6509,7.0588,1
23.194,2,0,1522,1500,-0.63,1.65,2.4815,3.6509,7.0588,1
23.212,3,0,1522,1500,-0.63,1.65,2.4815,3.6509,7.0588,1
23.229,4,0,1522,1500,-0.63,1.65,2.4815,3.6509,7.0588,1
23.246,5,0,1522,1500,-0.63,1.65,2.4815,3.6509,7.0588,1
23.263,6,0,1522,1500,-0.63,1.65,2.4815,3.6509,7.0588,1
23.280,7,0,1522,1500,-0.63,1.65,2.4815,3.6509,7.0588,1
23.297,8,0,1522,1500,-0.63,1.65,2.4815,3.6509,7.0588,1
23.314,9,0,1522,1500,-0.63,1.65,2.4815,3.6509,7.0588,1
23.335,10,0,1522,1500,-0.63,1.65,2.4815,3.6509,7.0588,1
23.352,10,-1,1522,1478,-0.63,1.65,2.4815,3.6509,7.0588,1
23.370,11,-1,1522,1478,-0.43,1.68,2.4815,3.6509,7.0588,1
23.389,11,-1,1522,1500,-0.43,1.68,2.4815,3.6509,7.0588,1
23.406,11,0,1522,1522,-0.43,1.68,2.4815,3.6509,7.0588,1
23.423,11,0,1522,1522,-0.43,1.68,2.4815,3.6509,7.0588,1
23.440,11,-1,1522,1478,-0.43,1.68,2.4815,3.6509,7.0588,1
23.458,11,0,1522,1522,-0.43,1.68,2.4815,3.6509,7.0588,1
23.475,11,0,1522,1500,-0.43,1.68,2.4815,3.6509,7.0588,1
23.492,11,0,1522,1500,-0.43,1.68,2.4815,3.6509,7.0588,1
23.510,11,0,1522,1500,-0.43,1.68,2.4815,3.6509,7.0588,1
23.527,10,0,1478,1500,-0.43,1.68,2.4815,3.6509,7.0588,1
23.544,10,0,1500,1500,-0.43,1.68,2.4815,3.6509,7.0588,1
23.561,10,0,1522,1500,-0.43,1.68,2.4815,3.6509,7.0588,1
23.578,9,-1,1478,1478,-0.43,1.68,2.4815,3.6509,7.0588,1
23.595,8,-1,1478,1478,-0.43,1.68,2.4815,3.6509,7.0588,1
23.613,8,-1,1500,1500,-0.43,1.68,2.4815,3.6509,7.0588,1
23.630,8,-1,1500,1500,-0.43,1.68,2.4815,3.6509,7.0588,1
23.647,8,0,1500,1522,-0.43,1.68,2.4815,3.6509,7.0588,1
23.664,8,0,1522,1522,-0.43,1.68,2.7240,3.2570,7.0098,1
23.681,7,0,1478,1500,-0.39,1.62,2.7240,3.2570,7.0098,1
23.698,7,0,1500,1500,-0.39,1.62,2.7240,3.2570,7.0098,1
23.716,7,0,1500,1500,-0.39,1.62,2.7240,3.2570,7.0098,1
23.733,7,0,1500,1500,-0.39,1.62,2.7240,3.2570,7.0098,1
23.750,6,-1,1478,1478,-0.39,1.62,2.7240,3.2570,7.0098,1
23.770,5,0,1478,1522,-0.39,1.62,2.7240,3.2570,7.0098,1
23.787,5,-1,1478,1478,-0.39,1.62,2.7240,3.2570,7.0098,1
23.804,4,0,1478,1522,-0.39,1.62,2.7240,3.2570,7.0098,1
23.821,3,-1,1478,1478,-0.39,1.62,2.7240,3.2570,7.0098,1
23.838,2,0,1478,1522,-0.39,1.62,2.7240,3.2570,7.0098,1
23.856,1,-1,1478,1478,-0.33,1.55,2.7240,3.2570,7.0098,1
23.874,0,-1,1478,1478,-0.33,1.55,2.7240,3.2570,7.0098,1
23.891,-1,-1,1478,1500,-0.33,1.55,2.7240,3.2570,7.0098,1
23.909,-2,-1,1478,1500,-0.33,1.55,2.7240,3.2570,7.0098,1
23.926,-3,-1,1478,1500,-0.33,1.55,2.7240,3.2570,7.0098,1
23.943,-5,-1,1478,1500,-0.33,1.55,2.7240,3.2570,7.0098,1
23.960,-7,-1,1478,1500,-0.33,1.55,2.7240,3.2570,7.0098,1
23.978,-8,-1,1478,1500,-0.33,1.55,2.7240,3.2570,7.0098,1
23.995,-11,-1,1478,1500,-0.33,1.55,2.7240,3.2570,7.0098,1
24.014,-13,-1,1478,1500,-0.33,1.55,2.7240,3.2570,7.0098,1
24.031,-14,-1,1478,1500,-0.33,1.55,2.7240,3.2570,7.0098,1
24.048,-16,-1,1478,1500,-0.33,1.55,2.7240,3.2570,7.0098,1
24.066,-17,-1,1478,1500,-0.33,1.55,2.7240,3.2570,7.0098,1
24.083,-19,-1,1478,1500,-0.33,1.55,2.7240,3.2570,7.0098,1
24.100,-20,-1,1478,1500,-0.33,1.55,2.7240,3.2570,7.0098,1
24.119,-21,-1,1478,1500,-0.33,1.55,2.7240,3.2570,7.0098,1
24.136,-22,-2,1478,1478,-0.33,1.55,2.7240,3.2570,7.0098,1
24.153,-23,-1,1478,1522,-0.33,1.55,2.7240,3.2570,7.0098,1
24.170,-24,-1,1478,1500,-0.33,1.55,3.2750,3.3937,7.5000,1
24.188,-24,-1,1478,1500,-0.60,1.23,3.2750,3.3937,7.5000,1
24.205,-25,-1,1478,1500,-0.60,1.23,3.2750,3.3937,7.5000,1
24.222,-26,-2,1478,1478,-0.60,1.23,3.2750,3.3937,7.5000,1
24.243,-27,-1,1478,1500,-0.60,1.23,3.2750,3.3937,7.5000,1
24.260,-27,-2,1478,1478,-0.60,1.23,3.2750,3.3937,7.5000,1
24.277,-28,-2,1478,1478,-0.60,1.23,3.2750,3.3937,7.5000,1
24.294,-29,-2,1478,1478,-0.60,1.23,3.2750,3.3937,7.5000,1
24.312,-30,-2,1478,1500,-0.60,1.23,3.2750,3.3937,7.5000,1
24.329,-31,-2,1478,1500,-0.60,1.23,3.2750,3.3937,7.5000,1
24.347,-31,-2,1478,1500,-0.60,1.23,3.2750,3.3937,7.5000,1
24.364,-33,-2,1478,1500,-0.81,0.86,3.2750,3.3937,7.5000,1
24.381,-33,-2,1478,1500,-0.81,0.86,3.2750,3.3937,7.5000,1
24.399,-33,-2,1478,1500,-0.81,0.86,3.2750,3.3937,7.5000,1
24.416,-33,-2,1478,1500,-0.81,0.86,3.2750,3.3937,7.5000,1
24.433,-33,-2,1478,1500,-0.81,0.86,3.2750,3.3937,7.5000,1
24.450,-32,-2,1478,1500,-0.81,0.86,3.2750,3.3937,7.5000,1
24.467,-32,-3,1478,1478,-0.81,0.86,3.2750,3.3937,7.5000,1
24.485,-32,-3,1478,1478,-0.81,0.86,3.2750,3.3937,7.5000,1
24.502,-31,-2,1478,1522,-0.81,0.86,3.2750,3.3937,7.5000,1
24.521,-30,-3,1478,1478,-0.81,0.86,3.2750,3.3937,7.5000,1
24.538,-30,-3,1478,1478,-0.81,0.86,3.2750,3.3937,7.5000,1
24.556,-29,-3,1478,1478,-0.81,0.86,3.2750,3.3937,7.5000,1
24.574,-28,-3,1478,1500,-0.81,0.86,3.2750,3.3937,7.5000,1
24.591,-27,-3,1500,1500,-0.81,0.86,3.2750,3.3937,7.5000,1
24.609,-27,-3,1478,1500,-0.81,0.86,3.2750,3.3937,7.5000,1
24.627,-27,-3,1478,1500,-0.81,0.86,3.2750,3.3937,7.5000,1
24.644,-26,-3,1478,1500,-0.81,0.86,3.2750,3.3937,7.5000,1
24.661,-26,-4,1478,1478,-0.81,0.86,2.5137,3.1853,7.8227,1
24.678,-26,-4,1478,1478,-0.38,0.89,2.5137,3.1853,7.8227,1
24.697,-26,-4,1478,1478,-0.38,0.89,2.5137,3.1853,7.8227,1
24.714,-26,-4,1478,1478,-0.38,0.89,2.5137,3.1853,7.8227,1
24.731,-26,-4,1478,1478,-0.38,0.89,2.5137,3.1853,7.8227,1
24.748,-26,-4,1478,1500,-0.38,0.89,2.5137,3.1853,7.8227,1
24.765,-26,-4,1478,1500,-0.38,0.89,2.5137,3.1853,7.8227,1
24.782,-26,-4,1478,1500,-0.38,0.89,2.5137,3.1853,7.8227,1
24.799,-27,-4,1478,1500,-0.38,0.89,2.5137,3.1853,7.8227,1
24.817,-27,-4,1478,1500,-0.38,0.89,2.5137,3.1853,7.8227,1
24.834,-27,-4,1478,1500,-0.38,0.89,2.5137,3.1853,7.8227,1
24.851,-27,-4,1478,1500,-0.38,0.89,2.5137,3.1853,7.8227,1
24.868,-27,-4,1478,1500,-0.16,0.74,2.5137,3.1853,7.8227,1
24.886,-27,-5,1478,1478,-0.16,0.74,2.5137,3.1853,7.8227,1
24.903,-27,-5,1478,1478,-0.16,0.74,2.5137,3.1853,7.8227,1
24.920,-26,-5,1478,1478,-0.16,0.74,2.5137,3.1853,7.8227,1
24.937,-26,-5,1478,1478,-0.16,0.74,2.5137,3.1853,7.8227,1
24.954,-26,-5,1478,1478,-0.16,0.74,2.5137,3.1853,7.8227,1
24.972,-25,-5,1478,1478,-0.16,0.74,2.5137,3.1853,7.8227,1
24.989,-25,-5,1478,1478,-0.16,0.74,2.5137,3.1853,7.8227,1
25.006,-24,-5,1478,1478,-0.16,0.74,2.5137,3.1853,7.8227,1
25.024,-24,-5,1478,1478,-0.16,0.74,2.5137,3.1853,7.8227,1
25.041,-23,-6,1500,1478,-0.16,0.74,2.5137,3.1853,7.8227,1
25.059,-23,-6,1478,1478,-0.16,0.74,2.5137,3.1853,7.8227,1
25.076,-23,-6,1478,1478,-0.16,0.74,2.5137,3.1853,7.8227,1
25.095,-22,-6,1478,1478,-0.16,0.74,2.5137,3.1853,7.8227,1
25.112,-22,-6,1478,1478,-0.16,0.74,2.5137,3.1853,7.8227,1
25.129,-22,-6,1478,1478,-0.16,0.74,2.5137,3.1853,7.8227,1
25.146,-21,-6,1500,1478,-0.16,0.74,2.5137,3.1853,7.8227,1
25.163,-22,-6,1478,1478,-0.16,0.74,2.9039,2.9344,8.0121,1
25.180,-21,-6,1478,1478,0.24,0.50,2.9039,2.9344,8.0121,1
25.197,-22,-6,1478,1478,0.24,0.50,2.9039,2.9344,8.0121,1
25.214,-22,-6,1478,1478,0.24,0.50,2.9039,2.9344,8.0121,1
25.232,-21,-7,1478,1478,0.24,0.50,2.9039,2.9344,8.0121,1
25.249,-21,-7,1478,1478,0.24,0.50,2.9039,2.9344,8.0121,1
25.266,-21,-7,1478,1478,0.24,0.50,2.9039,2.9344,8.0121,1
25.283,-21,-7,1478,1478,0.24,0.50,2.9039,2.9344,8.0121,1
25.300,-21,-7,1478,1478,0.24,0.50,2.9039,2.9344,8.0121,1
25.318,-21,-7,1478,1478,0.24,0.50,2.9039,2.9344,8.0121,1
25.335,-20,-7,1478,1478,0.24,0.50,2.9039,2.9344,8.0121,1
25.352,-20,-8,1478,1478,0.24,0.50,2.9039,2.9344,8.0121,1
25.369,-19,-8,1500,1478,0.40,0.78,2.9039,2.9344,8.0121,1
25.388,-19,-8,1478,1478,0.40,0.78,2.9039,2.9344,8.0121,1
25.405,-18,-8,1500,1478,0.40,0.78,2.9039,2.9344,8.0121,1
25.423,-18,-8,1478,1478,0.40,0.78,2.9039,2.9344,8.0121,1
25.443,-18,-8,1478,1478,0.40,0.78,2.9039,2.9344,8.0121,1
25.460,-17,-8,1500,1478,0.40,0.78,2.9039,2.9344,8.0121,1
25.477,-17,-8,1478,1478,0.40,0.78,2.9039,2.9344,8.0121,1
25.495,-17,-8,1478,1478,0.40,0.78,2.9039,2.9344,8.0121,1
25.512,-17,-9,1478,1478,0.40,0.78,2.9039,2.9344,8.0121,1
25.529,-18,-9,1478,1478,0.40,0.78,2.9039,2.9344,8.0121,1
25.546,-18,-9,1478,1478,0.40,0.78,2.9039,2.9344,8.0121,1
25.563,-18,-9,1478,1478,0.40,0.78,2.9039,2.9344,8.0121,1
25.581,-19,-9,1478,1478,0.40,0.78,2.9039,2.9344,8.0121,1
25.598,-19,-9,1478,1478,0.40,0.78,2.9039,2.9344,8.0121,1
25.615,-20,-9,1478,1478,0.40,0.78,2.9039,2.9344,8.0121,1
25.632,-20,-9,1478,1478,0.40,0.78,2.9039,2.9344,8.0121,1
25.650,-20,-10,1478,1478,0.40,0.78,2.9039,2.9344,8.0121,1
25.667,-21,-10,1478,1478,0.40,0.78,2.8571,3.2195,7.6421,1
25.684,-21,-10,1478,1478,0.33,1.04,2.8571,3.2195,7.6421,1
25.703,-22,-10,1478,1478,0.33,1.04,2.8571,3.2195,7.6421,1
25.720,-22,-10,1478,1478,0.33,1.04,2.8571,3.2195,7.6421,1
25.737,-22,-10,1478,1478,0.33,1.04,2.8571,3.2195,7.6421,1
25.754,-23,-10,1478,1478,0.33,1.04,2.8571,3.2195,7.6421,1
25.772,-24,-11,1478,1478,0.33,1.04,2.8571,3.2195,7.6421,1
25.789,-24,-11,1478,1478,0.33,1.04,2.8571,3.2195,7.6421,1
25.811,-24,-11,1478,1478,0.33,1.04,2.8571,3.2195,7.6421,1
25.829,-24,-11,1478,1478,0.33,1.04,2.8571,3.2195,7.6421,1
25.846,-25,-11,1478,1478,0.33,1.04,2.8571,3.2195,7.6421,1
25.864,-24,-11,1478,1478,-0.10,1.20,2.8571,3.2195,7.6421,1
25.881,-25,-11,1478,1478,-0.10,1.20,2.8571,3.2195,7.6421,1
25.898,-25,-11,1478,1478,-0.10,1.20,2.8571,3.2195,7.6421,1
25.916,-24,-11,1478,1478,-0.10,1.20,2.8571,3.2195,7.6421,1
25.934,-24,-11,1478,1478,-0.10,1.20,2.8571,3.2195,7.6421,1
25.951,-23,-12,1478,1478,-0.10,1.20,2.8571,3.2195,7.6421,1
25.969,-23,-12,1478,1478,-0.10,1.20,2.8571,3.2195,7.6421,1
25.987,-23,-12,1478,1478,-0.10,1.20,2.8571,3.2195,7.6421,1
26.004,-23,-12,1478,1478,-0.10,1.20,2.8571,3.2195,7.6421,1
26.022,-23,-12,1478,1478,-0.10,1.20,2.8571,3.2195,7.6421,1
26.040,-24,-12,1478,1478,-0.10,1.20,2.8571,3.2195,7.6421,1
26.058,-24,-12,1478,1478,-0.10,1.20,2.8571,3.2195,7.6421,1
26.075,-25,-12,1478,1478,-0.10,1.20,2.8571,3.2195,7.6421,1
26.093,-25,-13,1478,1478,-0.10,1.20,2.8571,3.2195,7.6421,1
26.110,-25,-13,1478,1478,-0.10,1.20,2.8571,3.2195,7.6421,1
26.127,-26,-13,1478,1478,-0.10,1.20,2.8571,3.2195,7.6421,1
26.144,-27,-13,1478,1478,-0.10,1.20,2.8571,3.2195,7.6421,1
26.162,-28,-13,1478,1478,-0.10,1.20,3.1733,3.1937,8.1188,1
26.179,-28,-13,1478,1478,-0.16,1.41,3.1733,3.1937,8.1188,1
26.196,-30,-13,1478,1478,-0.16,1.41,3.1733,3.1937,8.1188,1
26.213,-30,-13,1478,1478,-0.16,1.41,3.1733,3.1937,8.1188,1
26.230,-32,-13,1478,1478,-0.16,1.41,3.1733,3.1937,8.1188,1
26.247,-32,-14,1478,1478,-0.16,1.41,3.1733,3.1937,8.1188,1
26.265,-32,-14,1478,1478,-0.16,1.41,3.1733,3.1937,8.1188,1
26.282,-33,-14,1478,1478,-0.16,1.41,3.1733,3.1937,8.1188,1
26.300,-33,-14,1478,1478,-0.16,1.41,3.1733,3.1937,8.1188,1
26.317,-34,-14,1478,1478,-0.16,1.41,3.1733,3.1937,8.1188,1
26.334,-35,-14,1478,1478,-0.16,1.41,3.1733,3.1937,8.1188,1
26.352,-35,-14,1478,1478,-0.16,1.41,3.1733,3.1937,8.1188,1
26.369,-35,-15,1478,1478,-0.48,1.80,3.1733,3.1937,8.1188,1
26.386,-35,-15,1478,1478,-0.48,1.80,3.1733,3.1937,8.1188,1
26.405,-35,-15,1478,1478,-0.48,1.80,3.1733,3.1937,8.1188,1
26.422,-35,-15,1478,1478,-0.48,1.80,3.1733,3.1937,8.1188,1
26.440,-35,-15,1478,1478,-0.48,1.80,3.1733,3.1937,8.1188,1
26.457,-35,-15,1478,1478,-0.48,1.80,3.1733,3.1937,8.1188,1
26.474,-35,-15,1478,1478,-0.48,1.80,3.1733,3.1937,8.1188,1
26.491,-35,-15,1478,1478,-0.48,1.80,3.1733,3.1937,8.1188,1
26.510,-35,-15,1478,1478,-0.48,1.80,3.1733,3.1937,8.1188,1
26.527,-35,-16,1478,1478,-0.48,1.80,3.1733,3.1937,8.1188,1
26.544,-36,-16,1478,1478,-0.48,1.80,3.1733,3.1937,8.1188,1
26.561,-36,-16,1478,1478,-0.48,1.80,3.1733,3.1937,8.1188,1
26.578,-37,-16,1478,1478,-0.48,1.80,3.1733,3.1937,8.1188,1
26.595,-37,-16,1478,1478,-0.48,1.80,3.1733,3.1937,8.1188,1
26.612,-38,-16,1478,1478,-0.48,1.80,3.1733,3.1937,8.1188,1
26.629,-38,-16,1478,1478,-0.48,1.80,3.1733,3.1937,8.1188,1
26.647,-39,-16,1478,1478,-0.48,1.80,3.1733,3.1937,8.1188,1
26.664,-40,-16,1478,1478,-0.48,1.80,2.8627,2.8557,8.4609,1
26.682,-41,-17,1478,1478,-0.69,1.18,2.8627,2.8557,8.4609,1
26.699,-41,-17,1478,1478,-0.69,1.18,2.8627,2.8557,8.4609,1
26.716,-42,-17,1478,1478,-0.69,1.18,2.8627,2.8557,8.4609,1
26.733,-43,-17,1478,1478,-0.69,1.18,2.8627,2.8557,8.4609,1
26.751,-43,-17,1478,1478,-0.69,1.18,2.8627,2.8557,8.4609,1
26.768,-43,-17,1478,1478,-0.69,1.18,2.8627,2.8557,8.4609,1
26.785,-43,-17,1478,1478,-0.69,1.18,2.8627,2.8557,8.4609,1
26.803,-43,-17,1478,1478,-0.69,1.18,2.8627,2.8557,8.4609,1
26.821,-43,-17,1478,1478,-0.69,1.18,2.8627,2.8557,8.4609,1
26.838,-42,-17,1478,1478,-0.69,1.18,2.8627,2.8557,8.4609,1
26.855,-42,-17,1478,1478,-1.11,0.75,2.8627,2.8557,8.4609,1
26.873,-42,-17,1478,1478,-1.11,0.75,2.8627,2.8557,8.4609,1
26.890,-41,-17,1478,1478,-1.11,0.75,2.8627,2.8557,8.4609,1
26.907,-40,-17,1478,1478,-1.11,0.75,2.8627,2.8557,8.4609,1
26.925,-40,-18,1478,1478,-1.11,0.75,2.8627,2.8557,8.4609,1
26.942,-39,-18,1478,1478,-1.11,0.75,2.8627,2.8557,8.4609,1
26.960,-37,-18,1478,1478,-1.11,0.75,2.8627,2.8557,8.4609,1
26.977,-37,-18,1478,1478,-1.11,0.75,2.8627,2.8557,8.4609,1
26.994,-35,-18,1522,1478,-1.11,0.75,2.8627,2.8557,8.4609,1
27.011,-34,-18,1500,1478,-1.11,0.75,2.8627,2.8557,8.4609,1
27.028,-33,-18,1500,1478,-1.11,0.75,2.8627,2.8557,8.4609,1
27.046,-32,-18,1500,1478,-1.11,0.75,2.8627,2.8557,8.4609,1
27.063,-31,-18,1500,1478,-1.11,0.75,2.8627,2.8557,8.4609,1
27.081,-30,-18,1500,1478,-1.11,0.75,2.8627,2.8557,8.4609,1
27.098,-29,-18,1500,1478,-1.11,0.75,2.8627,2.8557,8.4609,1
27.115,-28,-18,1500,1478,-1.11,0.75,2.8627,2.8557,8.4609,1
27.133,-27,-18,1500,1478,-1.11,0.75,2.8627,2.8557,8.4609,1
27.150,-26,-18,1500,1478,-1.11,0.75,2.8627,2.8557,8.4609,1
27.167,-26,-18,1478,1478,-1.11,0.75,3.0478,2.2730,8.8025,1
27.184,-25,-18,1500,1478,-1.58,-0.02,3.0478,2.2730,8.8025,1
27.201,-24,-18,1500,1478,-1.58,-0.02,3.0478,2.2730,8.8025,1
27.218,-24,-18,1478,1478,-1.58,-0.02,3.0478,2.2730,8.8025,1
27.235,-23,-19,1500,1478,-1.58,-0.02,3.0478,2.2730,8.8025,1
27.253,-22,-18,1500,1478,-1.58,-0.02,3.0478,2.2730,8.8025,1
27.271,-20,-19,1522,1478,-1.58,-0.02,3.0478,2.2730,8.8025,1
27.288,-20,-19,1522,1478,-1.58,-0.02,3.0478,2.2730,8.8025,1
27.305,-19,-18,1522,1478,-1.58,-0.02,3.0478,2.2730,8.8025,1
27.322,-18,-19,1522,1478,-1.58,-0.02,3.0478,2.2730,8.8025,1
27.339,-17,-19,1522,1478,-1.58,-0.02,3.0478,2.2730,8.8025,1
27.356,-15,-18,1522,1478,-1.77,-0.10,3.0478,2.2730,8.8025,1
27.374,-14,-18,1522,1478,-1.77,-0.10,3.0478,2.2730,8.8025,1
27.391,-11,-19,1522,1478,-1.77,-0.10,3.0478,2.2730,8.8025,1
27.409,-9,-18,1522,1478,-1.77,-0.10,3.0478,2.2730,8.8025,1
27.426,-8,-19,1522,1478,-1.77,-0.10,3.0478,2.2730,8.8025,1
27.443,-6,-18,1522,1478,-1.77,-0.10,3.0478,2.2730,8.8025,1
27.460,-5,-18,1522,1478,-1.77,-0.10,3.0478,2.2730,8.8025,1
27.477,-3,-19,1522,1478,-1.77,-0.10,3.0478,2.2730,8.8025,1
27.494,-2,-19,1522,1478,-1.77,-0.10,3.0478,2.2730,8.8025,1
27.511,0,-19,1522,1478,-1.77,-0.10,3.0478,2.2730,8.8025,1
27.529,1,-19,1522,1478,-1.77,-0.10,3.0478,2.2730,8.8025,1
27.546,2,-19,1522,1478,-1.77,-0.10,3.0478,2.2730,8.8025,1
27.563,2,-19,1522,1478,-1.77,-0.10,3.0478,2.2730,8.8025,1
27.580,3,-19,1522,1478,-1.77,-0.10,3.0478,2.2730,8.8025,1
27.598,4,-19,1522,1478,-1.77,-0.10,3.0478,2.2730,8.8025,1
27.615,4,-18,1522,1500,-1.77,-0.10,3.0478,2.2730,8.8025,1
27.632,5,-19,1522,1478,-1.77,-0.10,3.0478,2.2730,8.8025,1
27.649,5,-19,1522,1478,-1.77,-0.10,3.0478,2.2730,8.8025,1
27.666,5,-19,1522,1478,-1.77,-0.10,2.5761,2.6708,6.8823,1
27.683,5,-19,1522,1478,-1.96,0.62,2.5761,2.6708,6.8823,1
27.700,5,-19,1522,1478,-1.96,0.62,2.5761,2.6708,6.8823,1
27.718,5,-19,1522,1478,-1.96,0.62,2.5761,2.6708,6.8823,1
27.735,4,-19,1478,1478,-1.96,0.62,2.5761,2.6708,6.8823,1
27.756,4,-19,1500,1478,-1.96,0.62,2.5761,2.6708,6.8823,1
27.773,4,-19,1500,1478,-1.96,0.62,2.5761,2.6708,6.8823,1
27.791,3,-19,1478,1478,-1.96,0.62,2.5761,2.6708,6.8823,1
27.808,3,-19,1478,1478,-1.96,0.62,2.5761,2.6708,6.8823,1
27.825,3,-19,1500,1478,-1.96,0.62,2.5761,2.6708,6.8823,1
27.843,3,-19,1500,1478,-1.96,0.62,2.5761,2.6708,6.8823,1
27.863,3,-19,1500,1478,-1.96,0.80,2.5761,2.6708,6.8823,1
27.880,3,-18,1500,1500,-1.96,0.80,2.5761,2.6708,6.8823,1
27.897,2,-18,1478,1478,-1.96,0.80,2.5761,2.6708,6.8823,1
27.914,2,-19,1478,1478,-1.96,0.80,2.5761,2.6708,6.8823,1
27.931,2,-18,1500,1478,-1.96,0.80,2.5761,2.6708,6.8823,1
27.949,3,-19,1522,1478,-1.96,0.80,2.5761,2.6708,6.8823,1
27.966,3,-19,1522,1478,-1.96,0.80,2.5761,2.6708,6.8823,1
27.983,3,-19,1522,1478,-1.96,0.80,2.5761,2.6708,6.8823,1
28.001,3,-19,1500,1478,-1.96,0.80,2.5761,2.6708,6.8823,1
28.018,4,-19,1522,1478,-1.96,0.80,2.5761,2.6708,6.8823,1
28.036,4,-19,1522,1478,-1.96,0.80,2.5761,2.6708,6.8823,1
28.053,3,-18,1478,1500,-1.96,0.80,2.5761,2.6708,6.8823,1
28.071,3,-18,1500,1478,-1.96,0.80,2.5761,2.6708,6.8823,1
28.088,3,-18,1500,1478,-1.96,0.80,2.5761,2.6708,6.8823,1
28.106,3,-19,1500,1478,-1.96,0.80,2.5761,2.6708,6.8823,1
28.123,3,-18,1500,1478,-1.96,0.80,2.5761,2.6708,6.8823,1
28.140,3,-18,1500,1478,-1.96,0.80,2.5761,2.6708,6.8823,1
28.157,4,-18,1522,1478,-1.96,0.80,1.6764,3.0862,5.5792,1
28.175,4,-18,1522,1478,-1.58,0.35,1.6764,3.0862,5.5792,1
28.192,4,-18,1522,1478,-1.58,0.35,1.6764,3.0862,5.5792,1
28.209,5,-18,1522,1478,-1.58,0.35,1.6764,3.0862,5.5792,1
28.226,5,-18,1522,1478,-1.58,0.35,1.6764,3.0862,5.5792,1
28.243,5,-18,1522,1478,-1.58,0.35,1.6764,3.0862,5.5792,1
28.260,6,-18,1522,1478,-1.58,0.35,1.6764,3.0862,5.5792,1
28.277,6,-18,1522,1478,-1.58,0.35,1.6764,3.0862,5.5792,1
28.294,7,-18,1522,1478,-1.58,0.35,1.6764,3.0862,5.5792,1
28.312,8,-18,1522,1478,-1.58,0.35,1.6764,3.0862,5.5792,1
28.329,8,-18,1522,1478,-1.58,0.35,1.6764,3.0862,5.5792,1
28.346,9,-18,1522,1478,-1.58,0.35,1.6764,3.0862,5.5792,1
28.364,10,-18,1522,1478,-1.05,0.06,1.6764,3.0862,5.5792,1
28.383,10,-18,1522,1478,-1.05,0.06,1.6764,3.0862,5.5792,1
28.400,10,-18,1522,1478,-1.05,0.06,1.6764,3.0862,5.5792,1
28.417,10,-18,1522,1478,-1.05,0.06,1.6764,3.0862,5.5792,1
28.434,11,-18,1522,1478,-1.05,0.06,1.6764,3.0862,5.5792,1
28.452,11,-18,1522,1478,-1.05,0.06,1.6764,3.0862,5.5792,1
28.469,11,-18,1522,1478,-1.05,0.06,1.6764,3.0862,5.5792,1
28.487,11,-18,1522,1478,-1.05,0.06,1.6764,3.0862,5.5792,1
28.504,11,-18,1522,1478,-1.05,0.06,1.6764,3.0862,5.5792,1
28.521,11,-18,1522,1478,-1.05,0.06,1.6764,3.0862,5.5792,1
28.540,11,-18,1522,1478,-1.05,0.06,1.6764,3.0862,5.5792,1
28.557,11,-18,1522,1478,-1.05,0.06,1.6764,3.0862,5.5792,1
28.575,11,-18,1522,1478,-1.05,0.06,1.6764,3.0862,5.5792,1
28.592,11,-18,1522,1478,-1.05,0.06,1.6764,3.0862,5.5792,1
28.611,11,-18,1522,1478,-1.05,0.06,1.6764,3.0862,5.5792,1
28.628,11,-18,1522,1478,-1.05,0.06,1.6764,3.0862,5.5792,1
28.645,12,-18,1522,1478,-1.05,0.06,1.6764,3.0862,5.5792,1
28.662,12,-18,1522,1478,-1.05,0.06,1.6075,3.4442,4.9775,1
28.679,12,-18,1522,1478,-1.08,0.36,1.6075,3.4442,4.9775,1
28.697,12,-18,1522,1478,-1.08,0.36,1.6075,3.4442,4.9775,1
28.714,12,-18,1522,1478,-1.08,0.36,1.6075,3.4442,4.9775,1
28.732,12,-19,1522,1478,-1.08,0.36,1.6075,3.4442,4.9775,1
28.749,11,-18,1500,1478,-1.08,0.36,1.6075,3.4442,4.9775,1
28.766,11,-18,1500,1478,-1.08,0.36,1.6075,3.4442,4.9775,1
28.783,11,-18,1522,1478,-1.08,0.36,1.6075,3.4442,4.9775,1
28.801,11,-19,1522,1478,-1.08,0.36,1.6075,3.4442,4.9775,1
28.819,11,-19,1522,1478,-1.08,0.36,1.6075,3.4442,4.9775,1
28.837,12,-18,1522,1478,-1.08,0.36,1.6075,3.4442,4.9775,1
28.854,12,-19,1522,1478,-1.24,0.58,1.6075,3.4442,4.9775,1
28.872,13,-19,1522,1478,-1.24,0.58,1.6075,3.4442,4.9775,1
28.889,13,-19,1522,1478,-1.24,0.58,1.6075,3.4442,4.9775,1
28.908,12,-19,1500,1478,-1.24,0.58,1.6075,3.4442,4.9775,1
28.925,12,-19,1522,1478,-1.24,0.58,1.6075,3.4442,4.9775,1
28.943,11,-19,1478,1478,-1.24,0.58,1.6075,3.4442,4.9775,1
28.960,10,-19,1478,1478,-1.24,0.58,1.6075,3.4442,4.9775,1
28.977,9,-19,1478,1478,-1.24,0.58,1.6075,3.4442,4.9775,1
28.994,8,-19,1478,1478,-1.24,0.58,1.6075,3.4442,4.9775,1
29.011,7,-19,1478,1478,-1.24,0.58,1.6075,3.4442,4.9775,1
29.028,5,-19,1478,1478,-1.24,0.58,1.6075,3.4442,4.9775,1
29.045,4,-19,1478,1478,-1.24,0.58,1.6075,3.4442,4.9775,1
29.062,2,-19,1478,1478,-1.24,0.58,1.6075,3.4442,4.9775,1
29.079,0,-19,1478,1478,-1.24,0.58,1.6075,3.4442,4.9775,1
29.096,-1,-19,1478,1478,-1.24,0.58,1.6075,3.4442,4.9775,1
29.114,-2,-19,1478,1478,-1.24,0.58,1.6075,3.4442,4.9775,1
29.131,-4,-19,1478,1478,-1.24,0.58,1.6075,3.4442,4.9775,1
29.148,-5,-19,1478,1478,-1.24,0.58,1.6075,3.4442,4.9775,1
29.165,-6,-19,1478,1478,-1.24,0.58,3.1764,3.2477,7.0939,1
29.182,-7,-19,1478,1478,-1.21,0.83,3.1764,3.2477,7.0939,1
29.199,-8,-20,1478,1478,-1.21,0.83,3.1764,3.2477,7.0939,1
29.216,-9,-20,1478,1478,-1.21,0.83,3.1764,3.2477,7.0939,1
29.235,-10,-19,1478,1478,-1.21,0.83,3.1764,3.2477,7.0939,1
29.252,-11,-19,1478,1478,-1.21,0.83,3.1764,3.2477,7.0939,1
29.269,-13,-20,1478,1478,-1.21,0.83,3.1764,3.2477,7.0939,1
29.287,-14,-20,1478,1478,-1.21,0.83,3.1764,3.2477,7.0939,1
29.304,-15,-20,1478,1478,-1.21,0.83,3.1764,3.2477,7.0939,1
29.321,-16,-19,1478,1478,-1.21,0.83,3.1764,3.2477,7.0939,1
29.339,-17,-20,1478,1478,-1.21,0.83,3.1764,3.2477,7.0939,1
29.357,-17,-20,1478,1478,-0.74,1.32,3.1764,3.2477,7.0939,1
29.374,-18,-20,1478,1478,-0.74,1.32,3.1764,3.2477,7.0939,1
29.392,-19,-20,1478,1478,-0.74,1.32,3.1764,3.2477,7.0939,1
29.410,-20,-20,1478,1478,-0.74,1.32,3.1764,3.2477,7.0939,1
29.427,-21,-20,1478,1478,-0.74,1.32,3.1764,3.2477,7.0939,1
29.445,-22,-20,1478,1478,-0.74,1.32,3.1764,3.2477,7.0939,1
29.462,-23,-20,1478,1478,-0.74,1.32,3.1764,3.2477,7.0939,1
29.479,-23,-20,1478,1478,-0.74,1.32,3.1764,3.2477,7.0939,1
29.497,-24,-20,1478,1478,-0.74,1.32,3.1764,3.2477,7.0939,1
29.514,-25,-20,1478,1478,-0.74,1.32,3.1764,3.2477,7.0939,1
29.531,-25,-20,1478,1478,-0.74,1.32,3.1764,3.2477,7.0939,1
29.549,-26,-20,1478,1478,-0.74,1.32,3.1764,3.2477,7.0939,1
29.566,-26,-20,1478,1478,-0.74,1.32,3.1764,3.2477,7.0939,1
29.583,-27,-20,1478,1478,-0.74,1.32,3.1764,3.2477,7.0939,1
29.600,-27,-20,1478,1478,-0.74,1.32,3.1764,3.2477,7.0939,1
29.617,-28,-20,1478,1478,-0.74,1.32,3.1764,3.2477,7.0939,1
29.636,-28,-21,1478,1478,-0.74,1.32,3.1764,3.2477,7.0939,1
29.653,-28,-20,1478,1478,-0.74,1.32,3.1764,3.2477,7.0939,1
29.672,-29,-20,1478,1478,-0.31,1.74,3.2340,2.9779,6.9421,1
29.689,-30,-20,1478,1478,-0.31,1.74,3.2340,2.9779,6.9421,1
29.706,-30,-20,1478,1478,-0.31,1.74,3.2340,2.9779,6.9421,1
29.724,-31,-20,1478,1478,-0.31,1.74,3.2340,2.9779,6.9421,1
29.741,-31,-19,1478,1478,-0.31,1.74,3.2340,2.9779,6.9421,1
29.758,-31,-20,1478,1478,-0.31,1.74,3.2340,2.9779,6.9421,1
29.776,-32,-20,1478,1478,-0.31,1.74,3.2340,2.9779,6.9421,1
29.793,-32,-20,1478,1478,-0.31,1.74,3.2340,2.9779,6.9421,1
29.810,-32,-20,1478,1478,-0.31,1.74,3.2340,2.9779,6.9421,1
29.827,-33,-20,1478,1478,-0.31,1.74,3.2340,2.9779,6.9421,1
29.844,-33,-20,1478,1478,-0.31,1.74,3.2340,2.9779,6.9421,1
29.862,-34,-19,1478,1478,-0.31,1.47,3.2340,2.9779,6.9421,1
29.879,-36,-19,1478,1478,-0.31,1.47,3.2340,2.9779,6.9421,1
29.896,-37,-19,1478,1478,-0.31,1.47,3.2340,2.9779,6.9421,1
29.913,-38,-19,1478,1478,-0.31,1.47,3.2340,2.9779,6.9421,1
29.930,-39,-19,1478,1478,-0.31,1.47,3.2340,2.9779,6.9421,1
29.947,-39,-19,1478,1478,-0.31,1.47,3.2340,2.9779,6.9421,1
29.965,-40,-19,1478,1478,-0.31,1.47,3.2340,2.9779,6.9421,1
29.984,-41,-19,1478,1478,-0.31,1.47,3.2340,2.9779,6.9421,1
