elapsed_s,err_x_px,err_pitch_px,target_roll_us,target_pitch_us,actual_roll_deg,actual_pitch_deg,vib_x,vib_y,vib_z,aligned
0.000,67,-22,1600,1428,-0.65,0.05,2.6991,3.3541,5.5597,0
0.020,66,-23,1504,1491,-0.65,0.05,2.6991,3.3541,5.5597,0
0.037,65,-23,1504,1494,-0.65,0.05,2.6991,3.3541,5.5597,0
0.055,65,-22,1509,1497,-0.65,0.05,2.6991,3.3541,5.5597,0
0.072,64,-22,1503,1494,-0.65,0.05,2.6991,3.3541,5.5597,0
0.089,64,-22,1509,1494,-0.65,0.05,2.6991,3.3541,5.5597,0
0.106,62,-22,1498,1494,-0.65,0.05,2.6991,3.3541,5.5597,0
0.124,62,-22,1509,1494,-0.77,0.02,2.6991,3.3541,5.5597,0
0.141,62,-23,1509,1491,-0.77,0.02,2.6991,3.3541,5.5597,0
0.158,61,-23,1503,1494,-0.77,0.02,2.6991,3.3541,5.5597,0
0.175,61,-23,1509,1494,-0.77,0.02,2.6991,3.3541,5.5597,0
0.193,61,-23,1509,1494,-0.77,0.02,2.6991,3.3541,5.5597,0
0.212,60,-23,1503,1493,-0.77,0.02,2.6991,3.3541,5.5597,1
0.330,58,-24,1507,1493,-0.77,0.02,2.6991,3.3541,5.5597,1
0.347,58,-24,1508,1493,-0.77,0.02,2.6991,3.3541,5.5597,1
0.366,57,-24,1503,1493,-0.77,0.02,2.6991,3.3541,5.5597,1
0.384,57,-23,1508,1496,-0.77,0.02,2.6991,3.3541,5.5597,1
0.401,57,-24,1508,1490,-0.77,0.02,2.6991,3.3541,5.5597,1
0.420,56,-23,1503,1496,-0.77,0.02,2.6991,3.3541,5.5597,1
0.437,56,-23,1508,1493,-0.48,0.23,2.8984,3.0561,6.4014,1
0.454,56,-23,1508,1493,-0.48,0.23,2.8984,3.0561,6.4014,1
0.472,56,-24,1508,1490,-0.48,0.23,2.8984,3.0561,6.4014,1
0.490,56,-24,1508,1493,-0.48,0.23,2.8984,3.0561,6.4014,1
0.507,56,-24,1508,1493,-0.48,0.23,2.8984,3.0561,6.4014,1
0.524,56,-23,1508,1496,-0.48,0.23,2.8984,3.0561,6.4014,1
0.542,56,-24,1508,1490,-0.48,0.23,2.8984,3.0561,6.4014,1
0.559,57,-25,1514,1490,-0.48,0.23,2.8984,3.0561,6.4014,1
0.577,56,-24,1502,1496,-0.48,0.23,2.8984,3.0561,6.4014,1
0.594,57,-24,1514,1493,-0.48,0.23,2.8984,3.0561,6.4014,1
0.611,56,-24,1502,1493,-0.48,0.23,2.8984,3.0561,6.4014,1
0.628,56,-25,1508,1490,-0.65,0.64,2.8984,3.0561,6.4014,1
0.646,55,-24,1502,1496,-0.65,0.64,2.8984,3.0561,6.4014,1
0.664,54,-25,1502,1490,-0.65,0.64,2.8984,3.0561,6.4014,1
0.682,53,-25,1502,1493,-0.65,0.64,2.8984,3.0561,6.4014,1
0.699,52,-25,1502,1493,-0.65,0.64,2.8984,3.0561,6.4014,1
0.717,51,-25,1502,1493,-0.65,0.64,2.8984,3.0561,6.4014,1
0.735,50,-26,1501,1493,-0.65,0.64,2.8984,3.0561,6.4014,1
0.752,50,-26,1507,1490,-0.65,0.64,2.8984,3.0561,6.4014,1
0.770,48,-26,1496,1492,-0.65,0.64,2.8984,3.0561,6.4014,1
0.787,48,-26,1507,1492,-0.65,0.64,2.8984,3.0561,6.4014,1
0.805,46,-26,1496,1492,-0.65,0.64,2.8984,3.0561,6.4014,1
0.823,45,-26,1501,1492,-0.65,0.64,2.8984,3.0561,6.4014,1
0.840,44,-26,1500,1492,-0.65,0.64,2.8984,3.0561,6.4014,1
0.858,42,-26,1495,1492,-0.65,0.64,2.8984,3.0561,6.4014,1
0.875,41,-27,1500,1489,-0.65,0.64,2.8984,3.0561,6.4014,1
0.893,41,-27,1506,1492,-0.65,0.64,2.8984,3.0561,6.4014,1
0.911,38,-27,1490,1492,-0.65,0.64,2.8984,3.0561,6.4014,1
0.932,36,-27,1497,1492,-0.47,0.60,2.6881,3.3096,5.8862,1
0.949,35,-27,1500,1492,-0.47,0.60,2.6881,3.3096,5.8862,1
0.966,34,-27,1500,1492,-0.47,0.60,2.6881,3.3096,5.8862,1
0.984,33,-27,1500,1492,-0.47,0.60,2.6881,3.3096,5.8862,1
1.001,32,-27,1500,1492,-0.47,0.60,2.6881,3.3096,5.8862,1
1.019,31,-28,1500,1489,-0.47,0.60,2.6881,3.3096,5.8862,1
1.037,27,-28,1482,1492,-0.47,0.60,2.6881,3.3096,5.8862,1
1.054,26,-28,1499,1492,-0.47,0.60,2.6881,3.3096,5.8862,1
1.071,24,-28,1492,1492,-0.47,0.60,2.6881,3.3096,5.8862,1
1.088,23,-29,1498,1488,-0.47,0.60,2.6881,3.3096,5.8862,1
1.106,20,-29,1486,1491,-0.47,0.60,2.6881,3.3096,5.8862,1
1.123,18,-28,1492,1495,-0.57,0.50,2.6881,3.3096,5.8862,1
1.140,16,-29,1491,1488,-0.57,0.50,2.6881,3.3096,5.8862,1
1.157,13,-29,1485,1491,-0.57,0.50,2.6881,3.3096,5.8862,1
1.174,11,-29,1491,1491,-0.57,0.50,2.6881,3.3096,5.8862,1
1.191,8,-29,1484,1491,-0.57,0.50,2.6881,3.3096,5.8862,1
1.208,5,-29,1484,1491,-0.57,0.50,2.6881,3.3096,5.8862,1
1.227,4,-30,1495,1488,-0.57,0.50,2.6881,3.3096,5.8862,1
1.245,2,-30,1490,1491,-0.57,0.50,2.6881,3.3096,5.8862,1
1.262,0,-31,1489,1488,-0.57,0.50,2.6881,3.3096,5.8862,0
1.280,-2,-31,1489,1491,-0.57,0.50,2.6881,3.3096,5.8862,0
1.297,-4,-30,1488,1494,-0.57,0.50,2.6881,3.3096,5.8862,1
1.315,-6,-30,1488,1491,-0.57,0.50,2.6881,3.3096,5.8862,1
1.333,-8,-31,1488,1488,-0.57,0.50,2.6881,3.3096,5.8862,0
1.350,-10,-31,1488,1491,-0.57,0.50,2.6881,3.3096,5.8862,0
1.368,-12,-31,1488,1491,-0.57,0.50,2.6881,3.3096,5.8862,0
1.386,-14,-31,1487,1491,-0.57,0.50,2.6881,3.3096,5.8862,0
1.404,-18,-31,1477,1491,-0.57,0.50,2.6881,3.3096,5.8862,0
1.422,-18,-31,1498,1491,-0.57,0.50,2.5838,3.2747,6.0786,0
1.439,-20,-31,1486,1491,-0.15,0.12,2.5838,3.2747,6.0786,0
1.456,-23,-32,1480,1488,-0.15,0.12,2.5838,3.2747,6.0786,0
1.473,-25,-32,1485,1490,-0.15,0.12,2.5838,3.2747,6.0786,0
1.492,-27,-32,1485,1490,-0.15,0.12,2.5838,3.2747,6.0786,0
1.509,-32,-32,1468,1490,-0.15,0.12,2.5838,3.2747,6.0786,0
1.527,-34,-32,1484,1490,-0.15,0.12,2.5838,3.2747,6.0786,0
1.544,-37,-32,1478,1490,-0.15,0.12,2.5838,3.2747,6.0786,0
1.561,-39,-33,1483,1487,-0.15,0.12,2.5838,3.2747,6.0786,0
1.579,-41,-33,1483,1490,-0.15,0.12,2.5838,3.2747,6.0786,0
1.596,-44,-33,1477,1490,-0.15,0.12,2.5838,3.2747,6.0786,0
1.614,-46,-33,1482,1490,-0.15,0.12,2.5838,3.2747,6.0786,0
1.631,-48,-33,1482,1490,0.20,-0.40,2.5838,3.2747,6.0786,0
1.648,-49,-33,1487,1490,0.20,-0.40,2.5838,3.2747,6.0786,0
1.665,-51,-34,1481,1487,0.20,-0.40,2.5838,3.2747,6.0786,0
1.683,-52,-34,1487,1490,0.20,-0.40,2.5838,3.2747,6.0786,0
1.700,-54,-34,1481,1490,0.20,-0.40,2.5838,3.2747,6.0786,0
1.718,-55,-34,1487,1490,0.20,-0.40,2.5838,3.2747,6.0786,0
1.738,-59,-35,1472,1487,0.20,-0.40,2.5838,3.2747,6.0786,0
1.756,-60,-34,1486,1493,0.20,-0.40,2.5838,3.2747,6.0786,0
1.773,-62,-34,1480,1490,0.20,-0.40,2.5838,3.2747,6.0786,0
1.791,-64,-34,1479,1490,0.20,-0.40,2.5838,3.2747,6.0786,0
1.809,-65,-34,1485,1490,0.20,-0.40,2.5838,3.2747,6.0786,0
1.827,-67,-35,1480,1487,0.20,-0.40,2.5838,3.2747,6.0786,0
1.846,-69,-35,1479,1490,0.20,-0.40,2.5838,3.2747,6.0786,0
1.863,-70,-35,1484,1490,0.20,-0.40,2.5838,3.2747,6.0786,0
1.881,-72,-36,1478,1486,0.20,-0.40,2.5838,3.2747,6.0786,0
1.898,-74,-36,1478,1489,0.20,-0.40,2.5838,3.2747,6.0786,0
1.917,-76,-35,1479,1492,0.20,-0.40,2.5838,3.2747,6.0786,0
1.936,-78,-35,1479,1490,0.03,-0.31,2.8404,3.2761,6.4044,0
1.954,-80,-36,1477,1486,0.03,-0.31,2.8404,3.2761,6.4044,0
1.971,-82,-36,1477,1489,0.03,-0.31,2.8404,3.2761,6.4044,0
1.990,-85,-36,1472,1489,0.03,-0.31,2.8404,3.2761,6.4044,0
2.011,-87,-36,1488,1489,0.03,-0.31,2.8404,3.2761,6.4044,0
2.031,-89,-37,1470,1487,0.03,-0.31,2.8404,3.2761,6.4044,0
2.048,-90,-37,1481,1489,0.03,-0.31,2.8404,3.2761,6.4044,0
2.066,-92,-36,1476,1492,0.03,-0.31,2.8404,3.2761,6.4044,0
2.084,-93,-36,1481,1489,0.03,-0.31,2.8404,3.2761,6.4044,0
2.101,-95,-36,1475,1489,0.03,-0.31,2.8404,3.2761,6.4044,0
2.118,-96,-36,1480,1489,-0.14,-0.28,2.8404,3.2761,6.4044,0
2.138,-98,-37,1474,1486,-0.14,-0.28,2.8404,3.2761,6.4044,0
2.156,-99,-37,1480,1489,-0.14,-0.28,2.8404,3.2761,6.4044,0
2.174,-102,-38,1469,1486,-0.14,-0.28,2.8404,3.2761,6.4044,0
2.192,-104,-38,1474,1489,-0.14,-0.28,2.8404,3.2761,6.4044,0
2.212,-106,-37,1473,1492,-0.14,-0.28,2.8404,3.2761,6.4044,0
2.232,-108,-37,1475,1489,-0.14,-0.28,2.8404,3.2761,6.4044,0
2.250,-109,-37,1478,1489,-0.14,-0.28,2.8404,3.2761,6.4044,0
2.267,-111,-38,1472,1486,-0.14,-0.28,2.8404,3.2761,6.4044,0
2.287,-112,-37,1478,1492,-0.14,-0.28,2.8404,3.2761,6.4044,0
2.304,-114,-37,1472,1489,-0.14,-0.28,2.8404,3.2761,6.4044,0
2.321,-115,-38,1477,1486,-0.14,-0.28,2.8404,3.2761,6.4044,0
2.339,-117,-38,1471,1489,-0.14,-0.28,2.8404,3.2761,6.4044,0
2.356,-118,-38,1477,1489,-0.14,-0.28,2.8404,3.2761,6.4044,0
2.373,-118,-38,1483,1489,-0.14,-0.28,2.8404,3.2761,6.4044,0
2.393,-118,-38,1483,1489,-0.14,-0.28,2.8404,3.2761,6.4044,0
2.411,-118,-38,1483,1489,-0.14,-0.28,2.8404,3.2761,6.4044,0
2.429,-118,-38,1483,1489,-0.14,-0.28,2.5297,3.5269,5.7167,0
2.447,-118,-39,1483,1486,-0.25,-0.59,2.5297,3.5269,5.7167,0
2.466,-118,-39,1483,1488,-0.25,-0.59,2.5297,3.5269,5.7167,0
2.484,-118,-38,1483,1492,-0.25,-0.59,2.5297,3.5269,5.7167,0
2.502,-118,-38,1483,1489,-0.25,-0.59,2.5297,3.5269,5.7167,0
2.519,-119,-39,1477,1486,-0.25,-0.59,2.5297,3.5269,5.7167,0
2.537,-120,-39,1477,1488,-0.25,-0.59,2.5297,3.5269,5.7167,0
2.554,-120,-39,1482,1488,-0.25,-0.59,2.5297,3.5269,5.7167,0
2.571,-121,-39,1476,1488,-0.25,-0.59,2.5297,3.5269,5.7167,0
2.589,-122,-39,1476,1488,-0.25,-0.59,2.5297,3.5269,5.7167,0
2.606,-122,-39,1482,1488,-0.25,-0.59,2.5297,3.5269,5.7167,0
2.623,-123,-39,1476,1488,-0.65,-0.28,2.5297,3.5269,5.7167,0
2.640,-124,-39,1476,1488,-0.65,-0.28,2.5297,3.5269,5.7167,0
2.658,-125,-39,1476,1488,-0.65,-0.28,2.5297,3.5269,5.7167,0
2.676,-125,-38,1482,1491,-0.65,-0.28,2.5297,3.5269,5.7167,0
2.694,-127,-39,1470,1486,-0.65,-0.28,2.5297,3.5269,5.7167,0
2.712,-127,-39,1481,1488,-0.65,-0.28,2.5297,3.5269,5.7167,0
2.729,-128,-39,1475,1488,-0.65,-0.28,2.5297,3.5269,5.7167,0
2.748,-129,-40,1476,1485,-0.65,-0.28,2.5297,3.5269,5.7167,0
2.767,-130,-39,1475,1491,-0.65,-0.28,2.5297,3.5269,5.7167,0
2.785,-131,-39,1475,1488,-0.65,-0.28,2.5297,3.5269,5.7167,0
2.803,-133,-40,1469,1485,-0.65,-0.28,2.5297,3.5269,5.7167,0
2.821,-134,-39,1475,1491,-0.65,-0.28,2.5297,3.5269,5.7167,0
2.838,-135,-40,1475,1485,-0.65,-0.28,2.5297,3.5269,5.7167,0
2.856,-136,-40,1474,1488,-0.65,-0.28,2.5297,3.5269,5.7167,0
2.874,-136,-40,1480,1488,-0.65,-0.28,2.5297,3.5269,5.7167,0
2.892,-138,-39,1468,1491,-0.65,-0.28,2.5297,3.5269,5.7167,0
2.910,-139,-39,1474,1488,-0.65,-0.28,2.5297,3.5269,5.7167,0
2.928,-139,-39,1480,1488,-1.04,-0.12,2.6712,3.5074,6.2407,0
2.945,-140,-40,1474,1485,-1.04,-0.12,2.6712,3.5074,6.2407,0
2.962,-141,-40,1473,1488,-1.04,-0.12,2.6712,3.5074,6.2407,0
2.982,-142,-40,1474,1488,-1.04,-0.12,2.6712,3.5074,6.2407,0
2.999,-142,-40,1479,1488,-1.04,-0.12,2.6712,3.5074,6.2407,0
3.018,-144,-39,1473,1488,-1.04,-0.12,2.6712,3.5074,6.2407,0
3.036,-145,-39,1473,1491,-1.04,-0.12,2.6712,3.5074,6.2407,0
3.053,-145,-40,1473,1485,-1.04,-0.12,2.6712,3.5074,6.2407,0
3.071,-146,-39,1473,1491,-1.04,-0.12,2.6712,3.5074,6.2407,0
3.088,-146,-39,1478,1488,-1.04,-0.12,2.6712,3.5074,6.2407,0
3.106,-146,-40,1478,1485,-1.04,-0.12,2.6712,3.5074,6.2407,0
3.124,-146,-40,1478,1488,-0.74,-0.07,2.6712,3.5074,6.2407,0
3.141,-146,-39,1478,1491,-0.74,-0.07,2.6712,3.5074,6.2407,0
3.159,-146,-39,1478,1488,-0.74,-0.07,2.6712,3.5074,6.2407,0
3.177,-146,-39,1478,1488,-0.74,-0.07,2.6712,3.5074,6.2407,0
3.194,-147,-40,1473,1485,-0.74,-0.07,2.6712,3.5074,6.2407,0
3.211,-148,-40,1472,1488,-0.74,-0.07,2.6712,3.5074,6.2407,0
3.228,-148,-40,1478,1488,-0.74,-0.07,2.6712,3.5074,6.2407,0
3.246,-149,-39,1472,1491,-0.74,-0.07,2.6712,3.5074,6.2407,0
3.264,-150,-40,1472,1485,-0.74,-0.07,2.6712,3.5074,6.2407,0
3.282,-151,-40,1472,1488,-0.74,-0.07,2.6712,3.5074,6.2407,0
3.299,-152,-40,1472,1488,-0.74,-0.07,2.6712,3.5074,6.2407,0
3.317,-156,-40,1454,1488,-0.74,-0.07,2.6712,3.5074,6.2407,0
3.335,-156,-40,1477,1488,-0.74,-0.07,2.6712,3.5074,6.2407,0
3.355,-160,-39,1456,1491,-0.74,-0.07,2.6712,3.5074,6.2407,0
3.372,-162,-39,1465,1488,-0.74,-0.07,2.6712,3.5074,6.2407,0
3.390,-163,-39,1470,1488,-0.74,-0.07,2.6712,3.5074,6.2407,0
3.407,-165,-39,1464,1488,-0.74,-0.07,2.6712,3.5074,6.2407,0
3.424,-167,-39,1464,1488,-0.74,-0.07,2.7213,3.6413,5.6689,0
3.441,-168,-38,1469,1492,-0.36,-0.21,2.7213,3.6413,5.6689,0
3.459,-169,-39,1469,1485,-0.36,-0.21,2.7213,3.6413,5.6689,0
3.476,-170,-40,1469,1485,-0.36,-0.21,2.7213,3.6413,5.6689,0
3.493,-170,-40,1475,1488,-0.36,-0.21,2.7213,3.6413,5.6689,0
3.510,0,0,1500,1500,-0.36,-0.21,2.7213,3.6413,5.6689,0
3.528,-171,-40,1469,1488,-0.36,-0.21,2.7213,3.6413,5.6689,0
3.546,-171,-39,1475,1492,-0.36,-0.21,2.7213,3.6413,5.6689,0
3.564,-170,-39,1481,1489,-0.36,-0.21,2.7213,3.6413,5.6689,0
3.582,-169,-38,1481,1492,-0.36,-0.21,2.7213,3.6413,5.6689,0
3.600,-169,-38,1475,1489,-0.36,-0.21,2.7213,3.6413,5.6689,0
3.617,-167,-38,1487,1489,-0.37,-0.63,2.7213,3.6413,5.6689,0
3.634,-166,-38,1481,1489,-0.37,-0.63,2.7213,3.6413,5.6689,0
3.653,-163,-38,1492,1489,-0.37,-0.63,2.7213,3.6413,5.6689,0
3.670,-162,-38,1482,1489,-0.37,-0.63,2.7213,3.6413,5.6689,0
3.688,-161,-38,1482,1489,-0.37,-0.63,2.7213,3.6413,5.6689,0
3.705,-160,-38,1482,1489,-0.37,-0.63,2.7213,3.6413,5.6689,0
3.724,-159,-38,1482,1489,-0.37,-0.63,2.7213,3.6413,5.6689,0
3.742,-158,-38,1482,1489,-0.37,-0.63,2.7213,3.6413,5.6689,0
3.759,-156,-38,1489,1489,-0.37,-0.63,2.7213,3.6413,5.6689,0
3.776,-154,-38,1489,1489,-0.37,-0.63,2.7213,3.6413,5.6689,0
3.794,-153,-38,1483,1489,-0.37,-0.63,2.7213,3.6413,5.6689,0
3.812,-151,-38,1489,1489,-0.37,-0.63,2.7213,3.6413,5.6689,0
3.829,-150,-38,1484,1489,-0.37,-0.63,2.7213,3.6413,5.6689,0
3.847,-148,-38,1490,1489,-0.37,-0.63,2.7213,3.6413,5.6689,0
3.864,-148,-38,1478,1489,-0.37,-0.63,2.7213,3.6413,5.6689,0
3.881,-146,-38,1490,1489,-0.37,-0.63,2.7213,3.6413,5.6689,0
3.900,-145,-38,1484,1489,-0.37,-0.63,2.7213,3.6413,5.6689,0
3.918,-143,-38,1490,1489,-0.37,-0.63,2.7237,3.3144,5.1703,0
3.936,-143,-38,1479,1489,-0.60,0.14,2.7237,3.3144,5.1703,0
3.953,-142,-38,1485,1489,-0.60,0.14,2.7237,3.3144,5.1703,0
3.974,-142,-38,1479,1489,-0.60,0.14,2.7237,3.3144,5.1703,0
3.992,-142,-38,1479,1489,-0.60,0.14,2.7237,3.3144,5.1703,0
4.009,-142,-38,1479,1489,-0.60,0.14,2.7237,3.3144,5.1703,0
4.027,-142,-38,1479,1489,-0.60,0.14,2.7237,3.3144,5.1703,0
4.044,-142,-38,1479,1489,-0.60,0.14,2.7237,3.3144,5.1703,0
4.061,-143,-37,1473,1492,-0.60,0.14,2.7237,3.3144,5.1703,0
4.078,-144,-37,1473,1489,-0.60,0.14,2.7237,3.3144,5.1703,0
4.096,-145,-37,1473,1489,-0.60,0.14,2.7237,3.3144,5.1703,0
4.114,-145,-37,1479,1489,-0.67,0.15,2.7237,3.3144,5.1703,0
4.131,-144,-37,1485,1489,-0.67,0.15,2.7237,3.3144,5.1703,0
4.148,-144,-37,1479,1489,-0.67,0.15,2.7237,3.3144,5.1703,0
4.166,-144,-37,1479,1489,-0.67,0.15,2.7237,3.3144,5.1703,0
4.184,-145,-37,1473,1489,-0.67,0.15,2.7237,3.3144,5.1703,0
4.202,-145,-37,1479,1489,-0.67,0.15,2.7237,3.3144,5.1703,0
4.219,-145,-37,1479,1489,-0.67,0.15,2.7237,3.3144,5.1703,0
4.237,-145,-36,1479,1492,-0.67,0.15,2.7237,3.3144,5.1703,0
4.255,-145,-36,1479,1489,-0.67,0.15,2.7237,3.3144,5.1703,0
4.273,-144,-36,1484,1489,-0.67,0.15,2.7237,3.3144,5.1703,0
4.291,-144,-37,1479,1486,-0.67,0.15,2.7237,3.3144,5.1703,0
4.308,-144,-37,1479,1489,-0.67,0.15,2.7237,3.3144,5.1703,0
4.325,-144,-37,1479,1489,-0.67,0.15,2.7237,3.3144,5.1703,0
4.342,-144,-37,1479,1489,-0.67,0.15,2.7237,3.3144,5.1703,0
4.360,-144,-37,1479,1489,-0.67,0.15,2.7237,3.3144,5.1703,0
4.377,-144,-37,1479,1489,-0.67,0.15,2.7237,3.3144,5.1703,0
4.395,-144,-37,1479,1489,-0.67,0.15,2.7237,3.3144,5.1703,0
4.414,-144,-37,1479,1489,-0.67,0.15,2.7659,3.2408,6.6626,0
4.431,-145,-36,1473,1492,-0.17,-0.05,2.7659,3.2408,6.6626,0
4.450,-146,-36,1473,1489,-0.17,-0.05,2.7659,3.2408,6.6626,0
4.467,-147,-36,1472,1489,-0.17,-0.05,2.7659,3.2408,6.6626,0
4.485,-148,-36,1473,1489,-0.17,-0.05,2.7659,3.2408,6.6626,0
4.502,-148,-36,1478,1489,-0.17,-0.05,2.7659,3.2408,6.6626,0
4.520,-150,-38,1467,1483,-0.17,-0.05,2.7659,3.2408,6.6626,0
4.537,-151,-38,1472,1489,-0.17,-0.05,2.7659,3.2408,6.6626,0
4.554,-151,-38,1478,1489,-0.17,-0.05,2.7659,3.2408,6.6626,0
4.572,-152,-37,1472,1492,-0.17,-0.05,2.7659,3.2408,6.6626,0
4.589,-153,-37,1472,1489,-0.17,-0.05,2.7659,3.2408,6.6626,0
4.608,-153,-36,1477,1492,-0.17,-0.05,2.7659,3.2408,6.6626,0
4.625,-154,-36,1472,1489,0.16,-0.44,2.7659,3.2408,6.6626,0
4.643,-154,-37,1477,1486,0.16,-0.44,2.7659,3.2408,6.6626,0
4.660,-154,-37,1477,1489,0.16,-0.44,2.7659,3.2408,6.6626,0
4.678,-154,-37,1477,1489,0.16,-0.44,2.7659,3.2408,6.6626,0
4.695,-154,-37,1477,1489,0.16,-0.44,2.7659,3.2408,6.6626,0
4.713,-154,-37,1477,1489,0.16,-0.44,2.7659,3.2408,6.6626,0
4.730,-154,-37,1477,1489,0.16,-0.44,2.7659,3.2408,6.6626,0
4.748,0,0,1500,1500,0.16,-0.44,2.7659,3.2408,6.6626,0
4.766,-154,-37,1477,1489,0.16,-0.44,2.7659,3.2408,6.6626,0
4.783,-154,-37,1477,1489,0.16,-0.44,2.7659,3.2408,6.6626,0
4.801,-154,-37,1477,1489,0.16,-0.44,2.7659,3.2408,6.6626,0
4.820,-153,-36,1483,1492,0.16,-0.44,2.7659,3.2408,6.6626,0
4.837,-152,-36,1483,1490,0.16,-0.44,2.7659,3.2408,6.6626,0
4.855,-152,-36,1478,1490,0.16,-0.44,2.7659,3.2408,6.6626,0
4.873,-152,-36,1478,1490,0.16,-0.44,2.7659,3.2408,6.6626,0
4.890,-151,-36,1484,1490,0.16,-0.44,2.7659,3.2408,6.6626,0
4.908,-151,-36,1478,1490,0.16,-0.44,2.7659,3.2408,6.6626,0
4.925,-150,-37,1484,1486,0.11,-0.95,3.3134,3.1632,9.7608,0
4.943,-149,-37,1484,1489,0.11,-0.95,3.3134,3.1632,9.7608,0
4.961,-149,-37,1478,1489,0.11,-0.95,3.3134,3.1632,9.7608,0
4.979,-148,-36,1484,1492,0.11,-0.95,3.3134,3.1632,9.7608,0
4.996,-147,-36,1484,1490,0.11,-0.95,3.3134,3.1632,9.7608,0
5.013,-147,-36,1478,1490,0.11,-0.95,3.3134,3.1632,9.7608,0
5.030,-146,-36,1484,1489,0.11,-0.95,3.3134,3.1632,9.7608,0
5.049,-145,-36,1484,1489,0.11,-0.95,3.3134,3.1632,9.7608,0
5.066,-145,-36,1479,1489,0.11,-0.95,3.3134,3.1632,9.7608,0
5.084,-144,-36,1485,1489,0.11,-0.95,3.3134,3.1632,9.7608,0
5.101,-144,-36,1479,1489,0.11,-0.95,3.3134,3.1632,9.7608,0
5.118,-143,-35,1485,1493,-0.19,-0.55,3.3134,3.1632,9.7608,0
5.135,-143,-35,1479,1490,-0.19,-0.55,3.3134,3.1632,9.7608,0
5.152,-143,-35,1479,1490,-0.19,-0.55,3.3134,3.1632,9.7608,0
5.171,-142,-35,1485,1490,-0.19,-0.55,3.3134,3.1632,9.7608,0
5.189,-142,-35,1479,1490,-0.19,-0.55,3.3134,3.1632,9.7608,0
5.207,-142,-35,1479,1490,-0.19,-0.55,3.3134,3.1632,9.7608,0
5.225,-142,-34,1479,1493,-0.19,-0.55,3.3134,3.1632,9.7608,0
5.244,-142,-34,1479,1490,-0.19,-0.55,3.3134,3.1632,9.7608,0
5.263,-143,-34,1474,1490,-0.19,-0.55,3.3134,3.1632,9.7608,0
5.280,-143,-34,1479,1490,-0.19,-0.55,3.3134,3.1632,9.7608,0
5.298,-143,-34,1479,1490,-0.19,-0.55,3.3134,3.1632,9.7608,0
5.315,-144,-33,1473,1493,-0.19,-0.55,3.3134,3.1632,9.7608,0
5.333,-145,-33,1473,1490,-0.19,-0.55,3.3134,3.1632,9.7608,0
5.350,-145,-33,1479,1490,-0.19,-0.55,3.3134,3.1632,9.7608,0
5.367,-146,-33,1473,1490,-0.19,-0.55,3.3134,3.1632,9.7608,0
5.386,-147,-33,1473,1490,-0.19,-0.55,3.3134,3.1632,9.7608,0
5.403,-147,-33,1478,1490,-0.19,-0.55,3.3134,3.1632,9.7608,0
5.422,-148,-33,1473,1490,-0.12,-0.27,3.1485,3.2958,8.2810,0
5.441,-149,-33,1473,1490,-0.12,-0.27,3.1485,3.2958,8.2810,0
5.460,-150,-33,1473,1490,-0.12,-0.27,3.1485,3.2958,8.2810,0
5.480,-150,-33,1478,1490,-0.12,-0.27,3.1485,3.2958,8.2810,0
5.498,-149,-33,1484,1490,-0.12,-0.27,3.1485,3.2958,8.2810,0
5.516,-149,-33,1478,1490,-0.12,-0.27,3.1485,3.2958,8.2810,0
5.533,-149,-33,1478,1490,-0.12,-0.27,3.1485,3.2958,8.2810,0
5.550,-148,-33,1484,1490,-0.12,-0.27,3.1485,3.2958,8.2810,0
5.568,-148,-33,1478,1490,-0.12,-0.27,3.1485,3.2958,8.2810,0
5.585,-147,-32,1484,1493,-0.12,-0.27,3.1485,3.2958,8.2810,0
5.602,-147,-32,1478,1490,-0.12,-0.27,3.1485,3.2958,8.2810,0
5.620,-146,-32,1484,1490,-0.16,0.15,3.1485,3.2958,8.2810,0
5.637,-145,-32,1484,1490,-0.16,0.15,3.1485,3.2958,8.2810,0
5.654,-144,-32,1485,1490,-0.16,0.15,3.1485,3.2958,8.2810,0
5.672,-144,-31,1479,1494,-0.16,0.15,3.1485,3.2958,8.2810,0
5.689,-143,-31,1485,1491,-0.16,0.15,3.1485,3.2958,8.2810,0
5.707,-143,-31,1479,1491,-0.16,0.15,3.1485,3.2958,8.2810,0
5.726,-142,-31,1485,1491,-0.16,0.15,3.1485,3.2958,8.2810,0
5.743,-142,-31,1479,1491,-0.16,0.15,3.1485,3.2958,8.2810,0
5.761,-142,-31,1479,1491,-0.16,0.15,3.1485,3.2958,8.2810,0
5.779,-141,-31,1485,1491,-0.16,0.15,3.1485,3.2958,8.2810,0
5.796,-141,-30,1479,1494,-0.16,0.15,3.1485,3.2958,8.2810,0
5.814,-141,-30,1479,1491,-0.16,0.15,3.1485,3.2958,8.2810,0
5.831,-140,-30,1485,1491,-0.16,0.15,3.1485,3.2958,8.2810,0
5.849,-140,-30,1479,1491,-0.16,0.15,3.1485,3.2958,8.2810,0
5.866,-139,-30,1485,1491,-0.16,0.15,3.1485,3.2958,8.2810,0
5.883,-139,-30,1480,1491,-0.16,0.15,3.1485,3.2958,8.2810,0
5.904,-137,-30,1486,1491,-0.16,0.15,3.1485,3.2958,8.2810,0
5.924,-137,-30,1484,1491,0.40,0.12,2.5141,3.5287,5.8009,0
5.943,-135,-30,1491,1491,0.40,0.12,2.5141,3.5287,5.8009,0
5.960,-133,-30,1492,1491,0.40,0.12,2.5141,3.5287,5.8009,0
5.978,-131,-30,1492,1491,0.40,0.12,2.5141,3.5287,5.8009,0
5.997,-127,-29,1492,1494,0.40,0.12,2.5141,3.5287,5.8009,0
6.015,-127,-29,1492,1491,0.40,0.12,2.5141,3.5287,5.8009,0
6.033,-124,-29,1498,1491,0.40,0.12,2.5141,3.5287,5.8009,0
6.050,-123,-29,1488,1491,0.40,0.12,2.5141,3.5287,5.8009,0
6.067,-122,-29,1488,1491,0.40,0.12,2.5141,3.5287,5.8009,0
6.085,-121,-29,1488,1491,0.40,0.12,2.5141,3.5287,5.8009,0
6.102,-120,-29,1488,1491,0.40,0.12,2.5141,3.5287,5.8009,0
6.119,-119,-28,1488,1495,0.57,0.17,2.5141,3.5287,5.8009,0
6.137,-118,-29,1489,1488,0.57,0.17,2.5141,3.5287,5.8009,0
6.155,-117,-28,1488,1494,0.57,0.17,2.5141,3.5287,5.8009,0
6.172,-116,-29,1489,1489,0.57,0.17,2.5141,3.5287,5.8009,0
6.190,-116,-28,1483,1494,0.57,0.17,2.5141,3.5287,5.8009,0
6.207,-116,-28,1483,1492,0.57,0.17,2.5141,3.5287,5.8009,0
6.224,-117,-28,1477,1492,0.57,0.17,2.5141,3.5287,5.8009,0
6.242,-117,-28,1483,1492,0.57,0.17,2.5141,3.5287,5.8009,0
6.259,-118,-28,1477,1492,0.57,0.17,2.5141,3.5287,5.8009,0
6.276,-119,-28,1477,1492,0.57,0.17,2.5141,3.5287,5.8009,0
6.294,-122,-28,1477,1492,0.57,0.17,2.5141,3.5287,5.8009,0
6.311,-122,-28,1471,1492,0.57,0.17,2.5141,3.5287,5.8009,0
6.329,-124,-28,1470,1492,0.57,0.17,2.5141,3.5287,5.8009,0
6.346,-126,-28,1470,1492,0.57,0.17,2.5141,3.5287,5.8009,0
6.363,-127,-28,1476,1492,0.57,0.17,2.5141,3.5287,5.8009,0
6.381,-130,-28,1464,1492,0.57,0.17,2.5141,3.5287,5.8009,0
6.398,-133,-28,1463,1492,0.57,0.17,2.5141,3.5287,5.8009,0
6.417,-136,-28,1464,1492,0.57,0.17,2.9301,3.0881,6.6548,0
6.435,-140,-27,1457,1495,0.64,0.26,2.9301,3.0881,6.6548,0
6.454,-143,-27,1463,1492,0.64,0.26,2.9301,3.0881,6.6548,0
6.471,-150,-27,1440,1492,0.64,0.26,2.9301,3.0881,6.6548,0
6.490,-153,-28,1461,1489,0.64,0.26,2.9301,3.0881,6.6548,0
6.507,-156,-27,1460,1495,0.64,0.26,2.9301,3.0881,6.6548,0
6.524,-159,-26,1459,1495,0.64,0.26,2.9301,3.0881,6.6548,0
6.541,-162,-26,1459,1492,0.64,0.26,2.9301,3.0881,6.6548,0
6.558,-164,-27,1464,1489,0.64,0.26,2.9301,3.0881,6.6548,0
6.576,-167,-27,1459,1492,0.64,0.26,2.9301,3.0881,6.6548,0
6.594,-170,-27,1458,1492,0.64,0.26,2.9301,3.0881,6.6548,0
6.611,-173,-26,1457,1495,0.44,-0.02,2.9301,3.0881,6.6548,0
6.628,-178,-27,1444,1489,0.44,-0.02,2.9301,3.0881,6.6548,0
6.647,-181,-27,1457,1492,0.44,-0.02,2.9301,3.0881,6.6548,0
6.664,-183,-26,1462,1495,0.44,-0.02,2.9301,3.0881,6.6548,0
6.682,-186,-26,1455,1492,0.44,-0.02,2.9301,3.0881,6.6548,0
6.702,-188,-26,1463,1492,0.44,-0.02,2.9301,3.0881,6.6548,0
6.722,-190,-25,1462,1495,0.44,-0.02,2.9301,3.0881,6.6548,0
6.739,-192,-25,1460,1493,0.44,-0.02,2.9301,3.0881,6.6548,0
6.756,-193,-26,1466,1489,0.44,-0.02,2.9301,3.0881,6.6548,0
6.773,-194,-26,1466,1492,0.44,-0.02,2.9301,3.0881,6.6548,0
6.791,-195,-26,1466,1492,0.44,-0.02,2.9301,3.0881,6.6548,0
6.808,-197,-26,1459,1492,0.44,-0.02,2.9301,3.0881,6.6548,0
6.825,-199,-25,1459,1496,0.44,-0.02,2.9301,3.0881,6.6548,0
6.843,-200,-25,1465,1493,0.44,-0.02,2.9301,3.0881,6.6548,0
6.860,-202,-25,1459,1493,0.44,-0.02,2.9301,3.0881,6.6548,0
6.878,-203,-25,1464,1493,0.44,-0.02,2.9301,3.0881,6.6548,0
6.895,-205,-26,1458,1489,0.44,-0.02,2.9301,3.0881,6.6548,0
6.917,-206,-25,1464,1495,0.44,-0.02,2.8418,3.3405,6.2316,0
6.935,-208,-25,1459,1493,0.24,0.24,2.8418,3.3405,6.2316,0
6.952,-212,-25,1446,1493,0.24,0.24,2.8418,3.3405,6.2316,0
6.973,-214,-25,1459,1493,0.24,0.24,2.8418,3.3405,6.2316,0
6.990,-218,-25,1445,1493,0.24,0.24,2.8418,3.3405,6.2316,0
7.007,-221,-24,1450,1496,0.24,0.24,2.8418,3.3405,6.2316,0
7.024,-223,-24,1455,1493,0.24,0.24,2.8418,3.3405,6.2316,0
7.041,-226,-24,1449,1493,0.24,0.24,2.8418,3.3405,6.2316,0
7.059,-230,-24,1443,1493,0.24,0.24,2.8418,3.3405,6.2316,0
7.077,-233,-24,1449,1493,0.24,0.24,2.8418,3.3405,6.2316,0
7.094,-236,-24,1448,1493,0.24,0.24,2.8418,3.3405,6.2316,0
7.115,-243,-24,1441,1493,0.29,0.37,2.8418,3.3405,6.2316,0
7.133,-246,-24,1435,1493,0.29,0.37,2.8418,3.3405,6.2316,0
7.154,-246,-24,1463,1493,0.29,0.37,2.8418,3.3405,6.2316,0
7.173,-254,-23,1420,1496,0.29,0.37,2.8418,3.3405,6.2316,0
7.190,-256,-24,1450,1490,0.29,0.37,2.8418,3.3405,6.2316,0
7.208,-260,-24,1438,1493,0.29,0.37,2.8418,3.3405,6.2316,0
7.225,-264,-24,1439,1493,0.29,0.37,2.8418,3.3405,6.2316,0
7.243,-269,-24,1432,1493,0.29,0.37,2.8418,3.3405,6.2316,0
7.261,-273,-24,1438,1493,0.29,0.37,2.8418,3.3405,6.2316,0
7.279,-277,-24,1436,1493,0.29,0.37,2.8418,3.3405,6.2316,0
7.297,-281,-23,1435,1496,0.29,0.37,2.8418,3.3405,6.2316,0
7.314,-284,-24,1441,1490,0.29,0.37,2.8418,3.3405,6.2316,0
7.331,0,0,1500,1500,0.29,0.37,2.8418,3.3405,6.2316,0
7.349,0,0,1500,1500,0.29,0.37,2.8418,3.3405,6.2316,0
7.366,0,0,1500,1500,0.29,0.37,2.8418,3.3405,6.2316,0
7.384,0,0,1500,1500,0.29,0.37,2.8418,3.3405,6.2316,0
7.404,0,0,1500,1500,0.29,0.37,2.8418,3.3405,6.2316,0
7.421,0,0,1500,1500,-0.09,0.15,2.7837,3.0064,5.7160,0
7.438,0,0,1500,1500,-0.09,0.15,2.7837,3.0064,5.7160,0
7.455,0,0,1500,1500,-0.09,0.15,2.7837,3.0064,5.7160,0
7.473,0,0,1500,1500,-0.09,0.15,2.7837,3.0064,5.7160,0
7.492,0,0,1500,1500,-0.09,0.15,2.7837,3.0064,5.7160,0
7.510,0,0,1500,1500,-0.09,0.15,2.7837,3.0064,5.7160,0
7.528,0,0,1500,1500,-0.09,0.15,2.7837,3.0064,5.7160,0
7.545,0,0,1500,1500,-0.09,0.15,2.7837,3.0064,5.7160,0
7.563,0,0,1500,1500,-0.09,0.15,2.7837,3.0064,5.7160,0
7.580,0,0,1500,1500,-0.09,0.15,2.7837,3.0064,5.7160,0
7.598,0,0,1500,1500,-0.09,0.15,2.7837,3.0064,5.7160,0
7.616,0,0,1500,1500,0.25,0.41,2.7837,3.0064,5.7160,0
7.633,0,0,1500,1500,0.25,0.41,2.7837,3.0064,5.7160,0
7.650,0,0,1500,1500,0.25,0.41,2.7837,3.0064,5.7160,0
7.667,0,0,1500,1500,0.25,0.41,2.7837,3.0064,5.7160,0
7.684,0,0,1500,1500,0.25,0.41,2.7837,3.0064,5.7160,0
7.701,0,0,1500,1500,0.25,0.41,2.7837,3.0064,5.7160,0
7.718,0,0,1500,1500,0.25,0.41,2.7837,3.0064,5.7160,0
7.736,0,0,1500,1500,0.25,0.41,2.7837,3.0064,5.7160,0
7.753,0,0,1500,1500,0.25,0.41,2.7837,3.0064,5.7160,0
7.771,0,0,1500,1500,0.25,0.41,2.7837,3.0064,5.7160,0
7.788,0,0,1500,1500,0.25,0.41,2.7837,3.0064,5.7160,0
7.807,0,0,1500,1500,0.25,0.41,2.7837,3.0064,5.7160,0
7.824,0,0,1500,1500,0.25,0.41,2.7837,3.0064,5.7160,0
7.843,0,0,1500,1500,0.25,0.41,2.7837,3.0064,5.7160,0
7.860,0,0,1500,1500,0.25,0.41,2.7837,3.0064,5.7160,0
7.877,0,0,1500,1500,0.25,0.41,2.7837,3.0064,5.7160,0
7.894,0,0,1500,1500,0.25,0.41,2.7837,3.0064,5.7160,0
7.912,0,0,1500,1500,0.25,0.41,3.0893,2.8076,7.9871,0
7.929,0,0,1500,1500,0.29,0.46,3.0893,2.8076,7.9871,0
7.947,0,0,1500,1500,0.29,0.46,3.0893,2.8076,7.9871,0
7.964,0,0,1500,1500,0.29,0.46,3.0893,2.8076,7.9871,0
7.981,0,0,1500,1500,0.29,0.46,3.0893,2.8076,7.9871,0
7.999,0,0,1500,1500,0.29,0.46,3.0893,2.8076,7.9871,0
8.016,0,0,1500,1500,0.29,0.46,3.0893,2.8076,7.9871,0
8.033,0,0,1500,1500,0.29,0.46,3.0893,2.8076,7.9871,0
8.050,0,0,1500,1500,0.29,0.46,3.0893,2.8076,7.9871,0
8.068,0,0,1500,1500,0.29,0.46,3.0893,2.8076,7.9871,0
8.085,0,0,1500,1500,0.29,0.46,3.0893,2.8076,7.9871,0
8.103,0,0,1500,1500,0.29,0.46,3.0893,2.8076,7.9871,0
8.122,0,0,1500,1500,0.08,0.74,3.0893,2.8076,7.9871,0
8.140,0,0,1500,1500,0.08,0.74,3.0893,2.8076,7.9871,0
8.158,0,0,1500,1500,0.08,0.74,3.0893,2.8076,7.9871,0
8.177,0,0,1500,1500,0.08,0.74,3.0893,2.8076,7.9871,0
8.194,0,0,1500,1500,0.08,0.74,3.0893,2.8076,7.9871,0
8.211,0,0,1500,1500,0.08,0.74,3.0893,2.8076,7.9871,0
8.228,0,0,1500,1500,0.08,0.74,3.0893,2.8076,7.9871,0
8.245,0,0,1500,1500,0.08,0.74,3.0893,2.8076,7.9871,0
8.263,0,0,1500,1500,0.08,0.74,3.0893,2.8076,7.9871,0
8.281,0,0,1500,1500,0.08,0.74,3.0893,2.8076,7.9871,0
8.299,0,0,1500,1500,0.08,0.74,3.0893,2.8076,7.9871,0
8.317,0,0,1500,1500,0.08,0.74,3.0893,2.8076,7.9871,0
8.334,0,0,1500,1500,0.08,0.74,3.0893,2.8076,7.9871,0
8.352,0,0,1500,1500,0.08,0.74,3.0893,2.8076,7.9871,0
8.369,0,0,1500,1500,0.08,0.74,3.0893,2.8076,7.9871,0
8.386,0,0,1500,1500,0.08,0.74,3.0893,2.8076,7.9871,0
8.404,0,0,1500,1500,0.08,0.74,2.4869,3.5348,6.0826,0
8.423,0,0,1500,1500,0.31,0.50,2.4869,3.5348,6.0826,0
8.440,0,0,1500,1500,0.31,0.50,2.4869,3.5348,6.0826,0
8.459,0,0,1500,1500,0.31,0.50,2.4869,3.5348,6.0826,0
8.477,0,0,1500,1500,0.31,0.50,2.4869,3.5348,6.0826,0
8.495,0,0,1500,1500,0.31,0.50,2.4869,3.5348,6.0826,0
8.514,0,0,1500,1500,0.31,0.50,2.4869,3.5348,6.0826,0
8.531,0,0,1500,1500,0.31,0.50,2.4869,3.5348,6.0826,0
8.548,0,0,1500,1500,0.31,0.50,2.4869,3.5348,6.0826,0
8.566,0,0,1500,1500,0.31,0.50,2.4869,3.5348,6.0826,0
8.583,0,0,1500,1500,0.31,0.50,2.4869,3.5348,6.0826,0
8.600,0,0,1500,1500,0.31,0.50,2.4869,3.5348,6.0826,0
8.617,0,0,1500,1500,0.45,0.01,2.4869,3.5348,6.0826,0
8.635,0,0,1500,1500,0.45,0.01,2.4869,3.5348,6.0826,0
8.652,0,0,1500,1500,0.45,0.01,2.4869,3.5348,6.0826,0
8.669,0,0,1500,1500,0.45,0.01,2.4869,3.5348,6.0826,0
8.687,0,0,1500,1500,0.45,0.01,2.4869,3.5348,6.0826,0
8.705,0,0,1500,1500,0.45,0.01,2.4869,3.5348,6.0826,0
8.723,0,0,1500,1500,0.45,0.01,2.4869,3.5348,6.0826,0
8.743,0,0,1500,1500,0.45,0.01,2.4869,3.5348,6.0826,0
8.762,0,0,1500,1500,0.45,0.01,2.4869,3.5348,6.0826,0
8.783,0,0,1500,1500,0.45,0.01,2.4869,3.5348,6.0826,0
8.800,0,0,1500,1500,0.45,0.01,2.4869,3.5348,6.0826,0
8.818,0,0,1500,1500,0.45,0.01,2.4869,3.5348,6.0826,0
8.835,0,0,1500,1500,0.45,0.01,2.4869,3.5348,6.0826,0
8.852,0,0,1500,1500,0.45,0.01,2.4869,3.5348,6.0826,0
8.870,0,0,1500,1500,0.45,0.01,2.4869,3.5348,6.0826,0
8.887,0,0,1500,1500,0.45,0.01,2.4869,3.5348,6.0826,0
8.904,0,0,1500,1500,0.45,0.01,2.9328,3.2892,6.6863,0
8.921,0,0,1500,1500,0.64,-0.17,2.9328,3.2892,6.6863,0
8.938,0,0,1500,1500,0.64,-0.17,2.9328,3.2892,6.6863,0
8.955,0,0,1500,1500,0.64,-0.17,2.9328,3.2892,6.6863,0
8.973,0,0,1500,1500,0.64,-0.17,2.9328,3.2892,6.6863,0
8.991,0,0,1500,1500,0.64,-0.17,2.9328,3.2892,6.6863,0
9.008,0,0,1500,1500,0.64,-0.17,2.9328,3.2892,6.6863,0
9.025,0,0,1500,1500,0.64,-0.17,2.9328,3.2892,6.6863,0
9.043,0,0,1500,1500,0.64,-0.17,2.9328,3.2892,6.6863,0
9.060,0,0,1500,1500,0.64,-0.17,2.9328,3.2892,6.6863,0
9.078,0,0,1500,1500,0.64,-0.17,2.9328,3.2892,6.6863,0
9.096,0,0,1500,1500,0.64,-0.17,2.9328,3.2892,6.6863,0
9.113,0,0,1500,1500,0.22,0.14,2.9328,3.2892,6.6863,0
9.132,0,0,1500,1500,0.22,0.14,2.9328,3.2892,6.6863,0
9.151,0,0,1500,1500,0.22,0.14,2.9328,3.2892,6.6863,0
9.169,0,0,1500,1500,0.22,0.14,2.9328,3.2892,6.6863,0
9.187,0,0,1500,1500,0.22,0.14,2.9328,3.2892,6.6863,0
9.205,0,0,1500,1500,0.22,0.14,2.9328,3.2892,6.6863,0
9.222,0,0,1500,1500,0.22,0.14,2.9328,3.2892,6.6863,0
9.240,0,0,1500,1500,0.22,0.14,2.9328,3.2892,6.6863,0
9.258,0,0,1500,1500,0.22,0.14,2.9328,3.2892,6.6863,0
9.276,0,0,1500,1500,0.22,0.14,2.9328,3.2892,6.6863,0
9.293,0,0,1500,1500,0.22,0.14,2.9328,3.2892,6.6863,0
9.310,0,0,1500,1500,0.22,0.14,2.9328,3.2892,6.6863,0
9.328,0,0,1500,1500,0.22,0.14,2.9328,3.2892,6.6863,0
9.346,0,0,1500,1500,0.22,0.14,2.9328,3.2892,6.6863,0
9.363,0,0,1500,1500,0.22,0.14,2.9328,3.2892,6.6863,0
9.382,0,0,1500,1500,0.22,0.14,2.9328,3.2892,6.6863,0
9.399,0,0,1500,1500,0.22,0.14,2.9328,3.2892,6.6863,0
9.418,0,0,1500,1500,-0.61,1.04,2.9807,3.3515,6.0753,0
9.435,0,0,1500,1500,-0.61,1.04,2.9807,3.3515,6.0753,0
9.452,0,0,1500,1500,-0.61,1.04,2.9807,3.3515,6.0753,0
9.471,0,0,1500,1500,-0.61,1.04,2.9807,3.3515,6.0753,0
9.488,0,0,1500,1500,-0.61,1.04,2.9807,3.3515,6.0753,0
9.506,0,0,1500,1500,-0.61,1.04,2.9807,3.3515,6.0753,0
9.524,0,0,1500,1500,-0.61,1.04,2.9807,3.3515,6.0753,0
9.541,0,0,1500,1500,-0.61,1.04,2.9807,3.3515,6.0753,0
9.559,0,0,1500,1500,-0.61,1.04,2.9807,3.3515,6.0753,0
9.580,0,0,1500,1500,-0.61,1.04,2.9807,3.3515,6.0753,0
9.597,0,0,1500,1500,-0.61,1.04,2.9807,3.3515,6.0753,0
9.614,0,0,1500,1500,-0.27,0.98,2.9807,3.3515,6.0753,0
9.632,0,0,1500,1500,-0.27,0.98,2.9807,3.3515,6.0753,0
9.649,0,0,1500,1500,-0.27,0.98,2.9807,3.3515,6.0753,0
9.667,0,0,1500,1500,-0.27,0.98,2.9807,3.3515,6.0753,0
9.684,0,0,1500,1500,-0.27,0.98,2.9807,3.3515,6.0753,0
9.704,0,0,1500,1500,-0.27,0.98,2.9807,3.3515,6.0753,0
9.721,0,0,1500,1500,-0.27,0.98,2.9807,3.3515,6.0753,0
9.740,0,0,1500,1500,-0.27,0.98,2.9807,3.3515,6.0753,0
9.757,0,0,1500,1500,-0.27,0.98,2.9807,3.3515,6.0753,0
9.775,0,0,1500,1500,-0.27,0.98,2.9807,3.3515,6.0753,0
9.793,0,0,1500,1500,-0.27,0.98,2.9807,3.3515,6.0753,0
9.811,0,0,1500,1500,-0.27,0.98,2.9807,3.3515,6.0753,0
9.828,0,0,1500,1500,-0.27,0.98,2.9807,3.3515,6.0753,0
9.845,0,0,1500,1500,-0.27,0.98,2.9807,3.3515,6.0753,0
9.863,0,0,1500,1500,-0.27,0.98,2.9807,3.3515,6.0753,0
9.881,0,0,1500,1500,-0.27,0.98,2.9807,3.3515,6.0753,0
9.898,0,0,1500,1500,-0.27,0.98,2.9807,3.3515,6.0753,0
9.915,0,0,1500,1500,-0.30,0.43,2.9618,3.6228,6.3751,0
9.933,0,0,1500,1500,-0.30,0.43,2.9618,3.6228,6.3751,0
9.951,0,0,1500,1500,-0.30,0.43,2.9618,3.6228,6.3751,0
9.969,0,0,1500,1500,-0.30,0.43,2.9618,3.6228,6.3751,0
9.986,0,0,1500,1500,-0.30,0.43,2.9618,3.6228,6.3751,0
10.004,0,0,1500,1500,-0.30,0.43,2.9618,3.6228,6.3751,0
10.022,0,0,1500,1500,-0.30,0.43,2.9618,3.6228,6.3751,0
10.040,0,0,1500,1500,-0.30,0.43,2.9618,3.6228,6.3751,0
10.058,0,0,1500,1500,-0.30,0.43,2.9618,3.6228,6.3751,0
10.075,0,0,1500,1500,-0.30,0.43,2.9618,3.6228,6.3751,0
10.093,0,0,1500,1500,-0.30,0.43,2.9618,3.6228,6.3751,0
10.110,0,0,1500,1500,-0.28,0.26,2.9618,3.6228,6.3751,0
10.129,0,0,1500,1500,-0.28,0.26,2.9618,3.6228,6.3751,0
10.146,0,0,1500,1500,-0.28,0.26,2.9618,3.6228,6.3751,0
10.163,0,0,1500,1500,-0.28,0.26,2.9618,3.6228,6.3751,0
10.182,0,0,1500,1500,-0.28,0.26,2.9618,3.6228,6.3751,0
10.200,0,0,1500,1500,-0.28,0.26,2.9618,3.6228,6.3751,0
10.217,0,0,1500,1500,-0.28,0.26,2.9618,3.6228,6.3751,0
10.234,0,0,1500,1500,-0.28,0.26,2.9618,3.6228,6.3751,0
10.252,0,0,1500,1500,-0.28,0.26,2.9618,3.6228,6.3751,0
10.269,0,0,1500,1500,-0.28,0.26,2.9618,3.6228,6.3751,0
10.286,0,0,1500,1500,-0.28,0.26,2.9618,3.6228,6.3751,0
10.304,0,0,1500,1500,-0.28,0.26,2.9618,3.6228,6.3751,0
10.322,0,0,1500,1500,-0.28,0.26,2.9618,3.6228,6.3751,0
10.339,0,0,1500,1500,-0.28,0.26,2.9618,3.6228,6.3751,0
10.357,0,0,1500,1500,-0.28,0.25,2.9618,3.6228,6.3751,0
10.375,0,0,1500,1500,-0.28,0.25,2.9618,3.6228,6.3751,0
